Tournament,Date,Series,Surface,Round,Winner,Loser
BNP Paribas Masters,2022-10-31,Masters 1000,Hard,The Final,Holger Rune,Novak Djokovic
BNP Paribas Masters,2022-10-31,Masters 1000,Hard,Semifinals,Novak Djokovic,Stefanos Tsitsipas
BNP Paribas Masters,2022-10-31,Masters 1000,Hard,Semifinals,Holger Rune,Felix Auger-Aliassime
BNP Paribas Masters,2022-10-31,Masters 1000,Hard,Quarterfinals,Holger Rune,Carlos Alcaraz
BNP Paribas Masters,2022-10-31,Masters 1000,Hard,Quarterfinals,Stefanos Tsitsipas,Tommy Paul
BNP Paribas Masters,2022-10-31,Masters 1000,Hard,Quarterfinals,Novak Djokovic,Lorenzo Musetti
BNP Paribas Masters,2022-10-31,Masters 1000,Hard,Quarterfinals,Felix Auger-Aliassime,Frances Tiafoe
BNP Paribas Masters,2022-10-31,Masters 1000,Hard,4th Round,Carlos Alcaraz,Grigor Dimitrov
BNP Paribas Masters,2022-10-31,Masters 1000,Hard,4th Round,Lorenzo Musetti,Casper Ruud
BNP Paribas Masters,2022-10-31,Masters 1000,Hard,4th Round,Novak Djokovic,Karen Khachanov
BNP Paribas Masters,2022-10-31,Masters 1000,Hard,4th Round,Holger Rune,Andrey Rublev
BNP Paribas Masters,2022-10-31,Masters 1000,Hard,4th Round,Tommy Paul,Pablo Carreno Busta
BNP Paribas Masters,2022-10-31,Masters 1000,Hard,4th Round,Frances Tiafoe,Alex de Minaur
BNP Paribas Masters,2022-10-31,Masters 1000,Hard,3rd Round,Tommy Paul,Rafael Nadal
BNP Paribas Masters,2022-10-31,Masters 1000,Hard,3rd Round,Alex de Minaur,Daniil Medvedev
BNP Paribas Masters,2022-10-31,Masters 1000,Hard,3rd Round,Stefanos Tsitsipas,Daniel Evans
BNP Paribas Masters,2022-10-31,Masters 1000,Hard,3rd Round,Holger Rune,Hubert Hurkacz
BNP Paribas Masters,2022-10-31,Masters 1000,Hard,3rd Round,Pablo Carreno Busta,Denis Shapovalov
BNP Paribas Masters,2022-10-31,Masters 1000,Hard,2nd Round,Taylor Fritz,Alejandro Davidovich Fokina
BNP Paribas Masters,2022-10-31,Masters 1000,Hard,2nd Round,Cameron Norrie,Miomir Kecmanovic
BNP Paribas Masters,2022-10-31,Masters 1000,Hard,2nd Round,Lorenzo Musetti,Marin Cilic
BNP Paribas Masters,2022-10-31,Masters 1000,Hard,2nd Round,Tommy Paul,Roberto Bautista Agut
BNP Paribas Masters,2022-10-31,Masters 1000,Hard,2nd Round,Denis Shapovalov,Francisco Cerundolo
US Open,2022-08-29,Grand Slam,Hard,The Final,Carlos Alcaraz,Casper Ruud
US Open,2022-08-29,Grand Slam,Hard,Semifinals,Carlos Alcaraz,Frances Tiafoe
US Open,2022-08-29,Grand Slam,Hard,Semifinals,Casper Ruud,Karen Khachanov
US Open,2022-08-29,Grand Slam,Hard,Quarterfinals,Carlos Alcaraz,Jannik Sinner
US Open,2022-08-29,Grand Slam,Hard,Quarterfinals,Casper Ruud,Matteo Berrettini
US Open,2022-08-29,Grand Slam,Hard,Quarterfinals,Frances Tiafoe,Andrey Rublev
US Open,2022-08-29,Grand Slam,Hard,Quarterfinals,Karen Khachanov,Nick Kyrgios
US Open,2022-08-29,Grand Slam,Hard,4th Round,Nick Kyrgios,Daniil Medvedev
US Open,2022-08-29,Grand Slam,Hard,4th Round,Frances Tiafoe,Rafael Nadal
US Open,2022-08-29,Grand Slam,Hard,4th Round,Carlos Alcaraz,Marin Cilic
US Open,2022-08-29,Grand Slam,Hard,4th Round,Andrey Rublev,Cameron Norrie
US Open,2022-08-29,Grand Slam,Hard,4th Round,Karen Khachanov,Pablo Carreno Busta
US Open,2022-08-29,Grand Slam,Hard,4th Round,Matteo Berrettini,Alejandro Davidovich Fokina
US Open,2022-08-29,Grand Slam,Hard,3rd Round,Casper Ruud,Tommy Paul
US Open,2022-08-29,Grand Slam,Hard,3rd Round,Cameron Norrie,Holger Rune
US Open,2022-08-29,Grand Slam,Hard,3rd Round,Andrey Rublev,Denis Shapovalov
US Open,2022-08-29,Grand Slam,Hard,3rd Round,Pablo Carreno Busta,Alex de Minaur
US Open,2022-08-29,Grand Slam,Hard,3rd Round,Frances Tiafoe,Diego Schwartzman
Western & Southern Financial Group Masters,2022-08-14,Masters 1000,Hard,The Final,Borna Coric,Stefanos Tsitsipas
Western & Southern Financial Group Masters,2022-08-14,Masters 1000,Hard,Semifinals,Stefanos Tsitsipas,Daniil Medvedev
Western & Southern Financial Group Masters,2022-08-14,Masters 1000,Hard,Semifinals,Borna Coric,Cameron Norrie
Western & Southern Financial Group Masters,2022-08-14,Masters 1000,Hard,Quarterfinals,Daniil Medvedev,Taylor Fritz
Western & Southern Financial Group Masters,2022-08-14,Masters 1000,Hard,Quarterfinals,Cameron Norrie,Carlos Alcaraz
Western & Southern Financial Group Masters,2022-08-14,Masters 1000,Hard,Quarterfinals,Borna Coric,Felix Auger-Aliassime
Western & Southern Financial Group Masters,2022-08-14,Masters 1000,Hard,4th Round,Daniil Medvedev,Denis Shapovalov
Western & Southern Financial Group Masters,2022-08-14,Masters 1000,Hard,4th Round,Carlos Alcaraz,Marin Cilic
Western & Southern Financial Group Masters,2022-08-14,Masters 1000,Hard,4th Round,Stefanos Tsitsipas,Diego Schwartzman
Western & Southern Financial Group Masters,2022-08-14,Masters 1000,Hard,4th Round,Taylor Fritz,Andrey Rublev
Western & Southern Financial Group Masters,2022-08-14,Masters 1000,Hard,4th Round,Felix Auger-Aliassime,Jannik Sinner
Western & Southern Financial Group Masters,2022-08-14,Masters 1000,Hard,4th Round,Borna Coric,Roberto Bautista Agut
Western & Southern Financial Group Masters,2022-08-14,Masters 1000,Hard,3rd Round,Borna Coric,Rafael Nadal
Western & Southern Financial Group Masters,2022-08-14,Masters 1000,Hard,3rd Round,Felix Auger-Aliassime,Alex de Minaur
Western & Southern Financial Group Masters,2022-08-14,Masters 1000,Hard,3rd Round,Jannik Sinner,Miomir Kecmanovic
Western & Southern Financial Group Masters,2022-08-14,Masters 1000,Hard,3rd Round,Taylor Fritz,Nick Kyrgios
Western & Southern Financial Group Masters,2022-08-14,Masters 1000,Hard,3rd Round,Denis Shapovalov,Tommy Paul
Western & Southern Financial Group Masters,2022-08-14,Masters 1000,Hard,2nd Round,Cameron Norrie,Holger Rune
Western & Southern Financial Group Masters,2022-08-14,Masters 1000,Hard,2nd Round,Frances Tiafoe,Matteo Berrettini
Western & Southern Financial Group Masters,2022-08-14,Masters 1000,Hard,2nd Round,Roberto Bautista Agut,Francisco Cerundolo
Western & Southern Financial Group Masters,2022-08-14,Masters 1000,Hard,2nd Round,Denis Shapovalov,Grigor Dimitrov
Western & Southern Financial Group Masters,2022-08-14,Masters 1000,Hard,2nd Round,Borna Coric,Lorenzo Musetti
Western & Southern Financial Group Masters,2022-08-14,Masters 1000,Hard,2nd Round,Miomir Kecmanovic,Pablo Carreno Busta
Western & Southern Financial Group Masters,2022-08-14,Masters 1000,Hard,2nd Round,Nick Kyrgios,Alejandro Davidovich Fokina
Rogers Masters,2022-08-08,Masters 1000,Hard,The Final,Pablo Carreno Busta,Hubert Hurkacz
Rogers Masters,2022-08-08,Masters 1000,Hard,Semifinals,Hubert Hurkacz,Casper Ruud
Rogers Masters,2022-08-08,Masters 1000,Hard,Semifinals,Pablo Carreno Busta,Daniel Evans
Rogers Masters,2022-08-08,Masters 1000,Hard,Quarterfinals,Casper Ruud,Felix Auger-Aliassime
Rogers Masters,2022-08-08,Masters 1000,Hard,Quarterfinals,Hubert Hurkacz,Nick Kyrgios
Rogers Masters,2022-08-08,Masters 1000,Hard,Quarterfinals,Daniel Evans,Tommy Paul
Rogers Masters,2022-08-08,Masters 1000,Hard,4th Round,Casper Ruud,Roberto Bautista Agut
Rogers Masters,2022-08-08,Masters 1000,Hard,4th Round,Felix Auger-Aliassime,Cameron Norrie
Rogers Masters,2022-08-08,Masters 1000,Hard,4th Round,Pablo Carreno Busta,Jannik Sinner
Rogers Masters,2022-08-08,Masters 1000,Hard,4th Round,Daniel Evans,Taylor Fritz
Rogers Masters,2022-08-08,Masters 1000,Hard,4th Round,Tommy Paul,Marin Cilic
Rogers Masters,2022-08-08,Masters 1000,Hard,4th Round,Nick Kyrgios,Alex de Minaur
Rogers Masters,2022-08-08,Masters 1000,Hard,3rd Round,Nick Kyrgios,Daniil Medvedev
Rogers Masters,2022-08-08,Masters 1000,Hard,3rd Round,Tommy Paul,Carlos Alcaraz
Rogers Masters,2022-08-08,Masters 1000,Hard,3rd Round,Daniel Evans,Andrey Rublev
Rogers Masters,2022-08-08,Masters 1000,Hard,3rd Round,Taylor Fritz,Frances Tiafoe
Rogers Masters,2022-08-08,Masters 1000,Hard,3rd Round,Marin Cilic,Karen Khachanov
Rogers Masters,2022-08-08,Masters 1000,Hard,3rd Round,Alex de Minaur,Grigor Dimitrov
Rogers Masters,2022-08-08,Masters 1000,Hard,3rd Round,Pablo Carreno Busta,Holger Rune
Rogers Masters,2022-08-08,Masters 1000,Hard,2nd Round,Pablo Carreno Busta,Matteo Berrettini
Rogers Masters,2022-08-08,Masters 1000,Hard,2nd Round,Diego Schwartzman,Alejandro Davidovich Fokina
Rogers Masters,2022-08-08,Masters 1000,Hard,2nd Round,Marin Cilic,Borna Coric
Rogers Masters,2022-08-08,Masters 1000,Hard,2nd Round,Alex de Minaur,Denis Shapovalov
Rogers Masters,2022-08-08,Masters 1000,Hard,2nd Round,Karen Khachanov,Francisco Cerundolo
Wimbledon,2022-06-27,Grand Slam,Grass,The Final,Novak Djokovic,Nick Kyrgios
Wimbledon,2022-06-27,Grand Slam,Grass,Semifinals,Novak Djokovic,Cameron Norrie
Wimbledon,2022-06-27,Grand Slam,Grass,Semifinals,Nick Kyrgios,Rafael Nadal
Wimbledon,2022-06-27,Grand Slam,Grass,Quarterfinals,Novak Djokovic,Jannik Sinner
Wimbledon,2022-06-27,Grand Slam,Grass,Quarterfinals,Rafael Nadal,Taylor Fritz
Wimbledon,2022-06-27,Grand Slam,Grass,4th Round,Jannik Sinner,Carlos Alcaraz
Wimbledon,2022-06-27,Grand Slam,Grass,4th Round,Cameron Norrie,Tommy Paul
Wimbledon,2022-06-27,Grand Slam,Grass,3rd Round,Novak Djokovic,Miomir Kecmanovic
Wimbledon,2022-06-27,Grand Slam,Grass,3rd Round,Nick Kyrgios,Stefanos Tsitsipas
Wimbledon,2022-06-27,Grand Slam,Grass,1st Round,Rafael Nadal,Francisco Cerundolo
Wimbledon,2022-06-27,Grand Slam,Grass,1st Round,Alejandro Davidovich Fokina,Hubert Hurkacz
Wimbledon,2022-06-27,Grand Slam,Grass,1st Round,Taylor Fritz,Lorenzo Musetti
French Open,2022-05-22,Grand Slam,Clay,The Final,Rafael Nadal,Casper Ruud
French Open,2022-05-22,Grand Slam,Clay,Semifinals,Rafael Nadal,Alexander Zverev
French Open,2022-05-22,Grand Slam,Clay,Semifinals,Casper Ruud,Marin Cilic
French Open,2022-05-22,Grand Slam,Clay,Quarterfinals,Rafael Nadal,Novak Djokovic
French Open,2022-05-22,Grand Slam,Clay,Quarterfinals,Alexander Zverev,Carlos Alcaraz
French Open,2022-05-22,Grand Slam,Clay,Quarterfinals,Marin Cilic,Andrey Rublev
French Open,2022-05-22,Grand Slam,Clay,Quarterfinals,Casper Ruud,Holger Rune
French Open,2022-05-22,Grand Slam,Clay,4th Round,Novak Djokovic,Diego Schwartzman
French Open,2022-05-22,Grand Slam,Clay,4th Round,Marin Cilic,Daniil Medvedev
French Open,2022-05-22,Grand Slam,Clay,4th Round,Holger Rune,Stefanos Tsitsipas
French Open,2022-05-22,Grand Slam,Clay,4th Round,Rafael Nadal,Felix Auger-Aliassime
French Open,2022-05-22,Grand Slam,Clay,4th Round,Carlos Alcaraz,Karen Khachanov
French Open,2022-05-22,Grand Slam,Clay,4th Round,Andrey Rublev,Jannik Sinner
French Open,2022-05-22,Grand Slam,Clay,4th Round,Casper Ruud,Hubert Hurkacz
French Open,2022-05-22,Grand Slam,Clay,3rd Round,Daniil Medvedev,Miomir Kecmanovic
French Open,2022-05-22,Grand Slam,Clay,3rd Round,Karen Khachanov,Cameron Norrie
French Open,2022-05-22,Grand Slam,Clay,3rd Round,Diego Schwartzman,Grigor Dimitrov
French Open,2022-05-22,Grand Slam,Clay,2nd Round,Grigor Dimitrov,Borna Coric
French Open,2022-05-22,Grand Slam,Clay,1st Round,Stefanos Tsitsipas,Lorenzo Musetti
French Open,2022-05-22,Grand Slam,Clay,1st Round,Holger Rune,Denis Shapovalov
French Open,2022-05-22,Grand Slam,Clay,1st Round,Daniel Evans,Francisco Cerundolo
Internazionali BNL d'Italia,2022-05-08,Masters 1000,Clay,The Final,Novak Djokovic,Stefanos Tsitsipas
Internazionali BNL d'Italia,2022-05-08,Masters 1000,Clay,Semifinals,Novak Djokovic,Casper Ruud
Internazionali BNL d'Italia,2022-05-08,Masters 1000,Clay,Semifinals,Stefanos Tsitsipas,Alexander Zverev
Internazionali BNL d'Italia,2022-05-08,Masters 1000,Clay,Quarterfinals,Novak Djokovic,Felix Auger-Aliassime
Internazionali BNL d'Italia,2022-05-08,Masters 1000,Clay,Quarterfinals,Stefanos Tsitsipas,Jannik Sinner
Internazionali BNL d'Italia,2022-05-08,Masters 1000,Clay,Quarterfinals,Casper Ruud,Denis Shapovalov
Internazionali BNL d'Italia,2022-05-08,Masters 1000,Clay,4th Round,Alexander Zverev,Alex de Minaur
Internazionali BNL d'Italia,2022-05-08,Masters 1000,Clay,4th Round,Denis Shapovalov,Rafael Nadal
Internazionali BNL d'Italia,2022-05-08,Masters 1000,Clay,4th Round,Stefanos Tsitsipas,Karen Khachanov
Internazionali BNL d'Italia,2022-05-08,Masters 1000,Clay,3rd Round,Stefanos Tsitsipas,Grigor Dimitrov
Internazionali BNL d'Italia,2022-05-08,Masters 1000,Clay,3rd Round,Felix Auger-Aliassime,Alejandro Davidovich Fokina
Internazionali BNL d'Italia,2022-05-08,Masters 1000,Clay,3rd Round,Marin Cilic,Cameron Norrie
Internazionali BNL d'Italia,2022-05-08,Masters 1000,Clay,3rd Round,Karen Khachanov,Pablo Carreno Busta
Internazionali BNL d'Italia,2022-05-08,Masters 1000,Clay,3rd Round,Alex de Minaur,Tommy Paul
Internazionali BNL d'Italia,2022-05-08,Masters 1000,Clay,2nd Round,Diego Schwartzman,Miomir Kecmanovic
Mutua Madrid Open,2022-05-01,Masters 1000,Clay,The Final,Carlos Alcaraz,Alexander Zverev
Mutua Madrid Open,2022-05-01,Masters 1000,Clay,Semifinals,Carlos Alcaraz,Novak Djokovic
Mutua Madrid Open,2022-05-01,Masters 1000,Clay,Semifinals,Alexander Zverev,Stefanos Tsitsipas
Mutua Madrid Open,2022-05-01,Masters 1000,Clay,Quarterfinals,Novak Djokovic,Hubert Hurkacz
Mutua Madrid Open,2022-05-01,Masters 1000,Clay,Quarterfinals,Alexander Zverev,Felix Auger-Aliassime
Mutua Madrid Open,2022-05-01,Masters 1000,Clay,Quarterfinals,Carlos Alcaraz,Rafael Nadal
Mutua Madrid Open,2022-05-01,Masters 1000,Clay,Quarterfinals,Stefanos Tsitsipas,Andrey Rublev
Mutua Madrid Open,2022-05-01,Masters 1000,Clay,4th Round,Alexander Zverev,Lorenzo Musetti
Mutua Madrid Open,2022-05-01,Masters 1000,Clay,4th Round,Stefanos Tsitsipas,Grigor Dimitrov
Mutua Madrid Open,2022-05-01,Masters 1000,Clay,4th Round,Andrey Rublev,Daniel Evans
Mutua Madrid Open,2022-05-01,Masters 1000,Clay,4th Round,Carlos Alcaraz,Cameron Norrie
Mutua Madrid Open,2022-05-01,Masters 1000,Clay,4th Round,Felix Auger-Aliassime,Jannik Sinner
Mutua Madrid Open,2022-05-01,Masters 1000,Clay,3rd Round,Alexander Zverev,Marin Cilic
Mutua Madrid Open,2022-05-01,Masters 1000,Clay,3rd Round,Rafael Nadal,Miomir Kecmanovic
Mutua Madrid Open,2022-05-01,Masters 1000,Clay,3rd Round,Jannik Sinner,Alex de Minaur
Mutua Madrid Open,2022-05-01,Masters 1000,Clay,3rd Round,Hubert Hurkacz,Alejandro Davidovich Fokina
Mutua Madrid Open,2022-05-01,Masters 1000,Clay,3rd Round,Grigor Dimitrov,Diego Schwartzman
Mutua Madrid Open,2022-05-01,Masters 1000,Clay,3rd Round,Daniel Evans,Roberto Bautista Agut
Mutua Madrid Open,2022-05-01,Masters 1000,Clay,2nd Round,Jannik Sinner,Tommy Paul
Monte Carlo Masters,2022-04-10,Masters 1000,Clay,The Final,Stefanos Tsitsipas,Alejandro Davidovich Fokina
Monte Carlo Masters,2022-04-10,Masters 1000,Clay,Semifinals,Stefanos Tsitsipas,Alexander Zverev
Monte Carlo Masters,2022-04-10,Masters 1000,Clay,Semifinals,Alejandro Davidovich Fokina,Grigor Dimitrov
Monte Carlo Masters,2022-04-10,Masters 1000,Clay,Quarterfinals,Alexander Zverev,Jannik Sinner
Monte Carlo Masters,2022-04-10,Masters 1000,Clay,Quarterfinals,Stefanos Tsitsipas,Diego Schwartzman
Monte Carlo Masters,2022-04-10,Masters 1000,Clay,Quarterfinals,Alejandro Davidovich Fokina,Taylor Fritz
Monte Carlo Masters,2022-04-10,Masters 1000,Clay,Quarterfinals,Grigor Dimitrov,Hubert Hurkacz
Monte Carlo Masters,2022-04-10,Masters 1000,Clay,4th Round,Alexander Zverev,Pablo Carreno Busta
Monte Carlo Masters,2022-04-10,Masters 1000,Clay,4th Round,Grigor Dimitrov,Casper Ruud
Monte Carlo Masters,2022-04-10,Masters 1000,Clay,4th Round,Jannik Sinner,Andrey Rublev
Monte Carlo Masters,2022-04-10,Masters 1000,Clay,4th Round,Diego Schwartzman,Lorenzo Musetti
Monte Carlo Masters,2022-04-10,Masters 1000,Clay,3rd Round,Alejandro Davidovich Fokina,Novak Djokovic
Monte Carlo Masters,2022-04-10,Masters 1000,Clay,3rd Round,Casper Ruud,Holger Rune
Monte Carlo Masters,2022-04-10,Masters 1000,Clay,3rd Round,Andrey Rublev,Alex de Minaur
Monte Carlo Masters,2022-04-10,Masters 1000,Clay,3rd Round,Lorenzo Musetti,Felix Auger-Aliassime
Monte Carlo Masters,2022-04-10,Masters 1000,Clay,3rd Round,Taylor Fritz,Marin Cilic
Monte Carlo Masters,2022-04-10,Masters 1000,Clay,2nd Round,Jannik Sinner,Borna Coric
Monte Carlo Masters,2022-04-10,Masters 1000,Clay,2nd Round,Diego Schwartzman,Karen Khachanov
Miami Open,2022-03-23,Masters 1000,Hard,The Final,Carlos Alcaraz,Casper Ruud
Miami Open,2022-03-23,Masters 1000,Hard,Semifinals,Casper Ruud,Francisco Cerundolo
Miami Open,2022-03-23,Masters 1000,Hard,Semifinals,Carlos Alcaraz,Hubert Hurkacz
Miami Open,2022-03-23,Masters 1000,Hard,Quarterfinals,Hubert Hurkacz,Daniil Medvedev
Miami Open,2022-03-23,Masters 1000,Hard,Quarterfinals,Casper Ruud,Alexander Zverev
Miami Open,2022-03-23,Masters 1000,Hard,Quarterfinals,Francisco Cerundolo,Jannik Sinner
Miami Open,2022-03-23,Masters 1000,Hard,Quarterfinals,Carlos Alcaraz,Miomir Kecmanovic
Miami Open,2022-03-23,Masters 1000,Hard,4th Round,Carlos Alcaraz,Stefanos Tsitsipas
Miami Open,2022-03-23,Masters 1000,Hard,4th Round,Casper Ruud,Cameron Norrie
Miami Open,2022-03-23,Masters 1000,Hard,4th Round,Jannik Sinner,Nick Kyrgios
Miami Open,2022-03-23,Masters 1000,Hard,4th Round,Miomir Kecmanovic,Taylor Fritz
Miami Open,2022-03-23,Masters 1000,Hard,4th Round,Francisco Cerundolo,Frances Tiafoe
Miami Open,2022-03-23,Masters 1000,Hard,3rd Round,Stefanos Tsitsipas,Alex de Minaur
Miami Open,2022-03-23,Masters 1000,Hard,3rd Round,Jannik Sinner,Pablo Carreno Busta
Miami Open,2022-03-23,Masters 1000,Hard,3rd Round,Taylor Fritz,Tommy Paul
Miami Open,2022-03-23,Masters 1000,Hard,3rd Round,Carlos Alcaraz,Marin Cilic
Miami Open,2022-03-23,Masters 1000,Hard,2nd Round,Alexander Zverev,Borna Coric
Miami Open,2022-03-23,Masters 1000,Hard,2nd Round,Nick Kyrgios,Andrey Rublev
Miami Open,2022-03-23,Masters 1000,Hard,2nd Round,Miomir Kecmanovic,Felix Auger-Aliassime
Miami Open,2022-03-23,Masters 1000,Hard,2nd Round,Tommy Paul,Karen Khachanov
BNP Paribas Open,2022-03-10,Masters 1000,Hard,The Final,Taylor Fritz,Rafael Nadal
BNP Paribas Open,2022-03-10,Masters 1000,Hard,Semifinals,Rafael Nadal,Carlos Alcaraz
BNP Paribas Open,2022-03-10,Masters 1000,Hard,Semifinals,Taylor Fritz,Andrey Rublev
BNP Paribas Open,2022-03-10,Masters 1000,Hard,Quarterfinals,Rafael Nadal,Nick Kyrgios
BNP Paribas Open,2022-03-10,Masters 1000,Hard,Quarterfinals,Andrey Rublev,Grigor Dimitrov
BNP Paribas Open,2022-03-10,Masters 1000,Hard,Quarterfinals,Carlos Alcaraz,Cameron Norrie
BNP Paribas Open,2022-03-10,Masters 1000,Hard,Quarterfinals,Taylor Fritz,Miomir Kecmanovic
BNP Paribas Open,2022-03-10,Masters 1000,Hard,4th Round,Miomir Kecmanovic,Matteo Berrettini
BNP Paribas Open,2022-03-10,Masters 1000,Hard,4th Round,Andrey Rublev,Hubert Hurkacz
BNP Paribas Open,2022-03-10,Masters 1000,Hard,4th Round,Nick Kyrgios,Jannik Sinner
BNP Paribas Open,2022-03-10,Masters 1000,Hard,4th Round,Taylor Fritz,Alex de Minaur
BNP Paribas Open,2022-03-10,Masters 1000,Hard,3rd Round,Rafael Nadal,Daniel Evans
BNP Paribas Open,2022-03-10,Masters 1000,Hard,3rd Round,Andrey Rublev,Frances Tiafoe
BNP Paribas Open,2022-03-10,Masters 1000,Hard,3rd Round,Nick Kyrgios,Casper Ruud
BNP Paribas Open,2022-03-10,Masters 1000,Hard,3rd Round,Carlos Alcaraz,Roberto Bautista Agut
BNP Paribas Open,2022-03-10,Masters 1000,Hard,3rd Round,Alex de Minaur,Tommy Paul
BNP Paribas Open,2022-03-10,Masters 1000,Hard,2nd Round,Alejandro Davidovich Fokina,Borna Coric
Adelaide International 1,2022-01-08,ATP250,Hard,Semifinals,Karen Khachanov,Marin Cilic
Adelaide International 2,2022-01-10,ATP250,Hard,1st Round,Tommy Paul,Frances Tiafoe
Adelaide International 2,2022-01-13,ATP250,Hard,Quarterfinals,Marin Cilic,Tommy Paul
Australian Open,2022-01-18,Grand Slam,Hard,1st Round,Alex de Minaur,Lorenzo Musetti
Australian Open,2022-01-19,Grand Slam,Hard,2nd Round,Miomir Kecmanovic,Tommy Paul
Australian Open,2022-01-20,Grand Slam,Hard,2nd Round,Taylor Fritz,Frances Tiafoe
Australian Open,2022-01-20,Grand Slam,Hard,2nd Round,Felix Auger-Aliassime,Alejandro Davidovich Fokina
Australian Open,2022-01-20,Grand Slam,Hard,2nd Round,Daniil Medvedev,Nick Kyrgios
Australian Open,2022-01-21,Grand Slam,Hard,3rd Round,Matteo Berrettini,Carlos Alcaraz
Australian Open,2022-01-21,Grand Slam,Hard,3rd Round,Rafael Nadal,Karen Khachanov
Australian Open,2022-01-22,Grand Slam,Hard,3rd Round,Taylor Fritz,Roberto Bautista Agut
Australian Open,2022-01-22,Grand Slam,Hard,3rd Round,Felix Auger-Aliassime,Daniel Evans
Australian Open,2022-01-22,Grand Slam,Hard,3rd Round,Marin Cilic,Andrey Rublev
Australian Open,2022-01-23,Grand Slam,Hard,4th Round,Denis Shapovalov,Alexander Zverev
Australian Open,2022-01-23,Grand Slam,Hard,4th Round,Matteo Berrettini,Pablo Carreno Busta
Australian Open,2022-01-24,Grand Slam,Hard,4th Round,Felix Auger-Aliassime,Marin Cilic
Australian Open,2022-01-24,Grand Slam,Hard,4th Round,Jannik Sinner,Alex de Minaur
Australian Open,2022-01-24,Grand Slam,Hard,4th Round,Stefanos Tsitsipas,Taylor Fritz
Australian Open,2022-01-25,Grand Slam,Hard,Quarterfinals,Rafael Nadal,Denis Shapovalov
Australian Open,2022-01-26,Grand Slam,Hard,Quarterfinals,Stefanos Tsitsipas,Jannik Sinner
Australian Open,2022-01-26,Grand Slam,Hard,Quarterfinals,Daniil Medvedev,Felix Auger-Aliassime
Australian Open,2022-01-28,Grand Slam,Hard,Semifinals,Rafael Nadal,Matteo Berrettini
Australian Open,2022-01-28,Grand Slam,Hard,Semifinals,Daniil Medvedev,Stefanos Tsitsipas
Australian Open,2022-01-30,Grand Slam,Hard,The Final,Rafael Nadal,Daniil Medvedev
Argentina Open,2022-02-10,ATP250,Clay,2nd Round,Francisco Cerundolo,Miomir Kecmanovic
Argentina Open,2022-02-12,ATP250,Clay,Quarterfinals,Diego Schwartzman,Francisco Cerundolo
Argentina Open,2022-02-13,ATP250,Clay,The Final,Casper Ruud,Diego Schwartzman
ABN AMRO World Tennis Tournament,2022-02-08,ATP500,Hard,1st Round,Stefanos Tsitsipas,Alejandro Davidovich Fokina
ABN AMRO World Tennis Tournament,2022-02-09,ATP500,Hard,2nd Round,Lorenzo Musetti,Hubert Hurkacz
ABN AMRO World Tennis Tournament,2022-02-09,ATP500,Hard,2nd Round,Cameron Norrie,Karen Khachanov
ABN AMRO World Tennis Tournament,2022-02-11,ATP500,Hard,Quarterfinals,Stefanos Tsitsipas,Alex de Minaur
ABN AMRO World Tennis Tournament,2022-02-11,ATP500,Hard,Quarterfinals,Felix Auger-Aliassime,Cameron Norrie
ABN AMRO World Tennis Tournament,2022-02-12,ATP500,Hard,Semifinals,Felix Auger-Aliassime,Andrey Rublev
ABN AMRO World Tennis Tournament,2022-02-13,ATP500,Hard,The Final,Felix Auger-Aliassime,Stefanos Tsitsipas
Delray Beach Open,2022-02-19,ATP250,Hard,Semifinals,Cameron Norrie,Tommy Paul
Qatar Exxon Mobil Open,2022-02-16,ATP250,Hard,2nd Round,Alejandro Davidovich Fokina,Daniel Evans
Qatar Exxon Mobil Open,2022-02-17,ATP250,Hard,Quarterfinals,Roberto Bautista Agut,Alejandro Davidovich Fokina
Qatar Exxon Mobil Open,2022-02-17,ATP250,Hard,Quarterfinals,Karen Khachanov,Marin Cilic
Qatar Exxon Mobil Open,2022-02-18,ATP250,Hard,Semifinals,Roberto Bautista Agut,Karen Khachanov
Open 13,2022-02-20,ATP250,Hard,The Final,Andrey Rublev,Felix Auger-Aliassime
Rio Open,2022-02-19,ATP500,Clay,Quarterfinals,Francisco Cerundolo,Miomir Kecmanovic
Rio Open,2022-02-19,ATP500,Clay,Quarterfinals,Carlos Alcaraz,Matteo Berrettini
Rio Open,2022-02-19,ATP500,Clay,Semifinals,Diego Schwartzman,Francisco Cerundolo
Rio Open,2022-02-20,ATP500,Clay,The Final,Carlos Alcaraz,Diego Schwartzman
Abierto Mexicano,2022-02-23,ATP500,Hard,1st Round,Tommy Paul,Matteo Berrettini
Abierto Mexicano,2022-02-25,ATP500,Hard,Quarterfinals,Rafael Nadal,Tommy Paul
Abierto Mexicano,2022-02-26,ATP500,Hard,Semifinals,Cameron Norrie,Stefanos Tsitsipas
Abierto Mexicano,2022-02-26,ATP500,Hard,Semifinals,Rafael Nadal,Daniil Medvedev
Abierto Mexicano,2022-02-27,ATP500,Hard,The Final,Rafael Nadal,Cameron Norrie
Dubai Tennis Championships,2022-02-21,ATP500,Hard,1st Round,Novak Djokovic,Lorenzo Musetti
Dubai Tennis Championships,2022-02-22,ATP500,Hard,1st Round,Karen Khachanov,Alex de Minaur
Dubai Tennis Championships,2022-02-22,ATP500,Hard,1st Round,Jannik Sinner,Alejandro Davidovich Fokina
Dubai Tennis Championships,2022-02-22,ATP500,Hard,1st Round,Andrey Rublev,Daniel Evans
Dubai Tennis Championships,2022-02-23,ATP500,Hard,2nd Round,Novak Djokovic,Karen Khachanov
Dubai Tennis Championships,2022-02-24,ATP500,Hard,Quarterfinals,Hubert Hurkacz,Jannik Sinner
Dubai Tennis Championships,2022-02-25,ATP500,Hard,Semifinals,Andrey Rublev,Hubert Hurkacz
Delray Beach Open,2021-01-12,ATP250,Hard,Quarterfinals,Cameron Norrie,Frances Tiafoe
Great Ocean Road Open,2021-02-05,ATP250,Hard,Quarterfinals,Jannik Sinner,Miomir Kecmanovic
Great Ocean Road Open,2021-02-06,ATP250,Hard,Semifinals,Jannik Sinner,Karen Khachanov
Murray River Open,2021-02-01,ATP250,Hard,1st Round,Tommy Paul,Cameron Norrie
Murray River Open,2021-02-05,ATP250,Hard,3rd Round,Borna Coric,Nick Kyrgios
Murray River Open,2021-02-05,ATP250,Hard,Quarterfinals,Daniel Evans,Borna Coric
Murray River Open,2021-02-07,ATP250,Hard,The Final,Daniel Evans,Felix Auger-Aliassime
Australian Open,2021-02-08,Grand Slam,Hard,1st Round,Grigor Dimitrov,Marin Cilic
Australian Open,2021-02-08,Grand Slam,Hard,1st Round,Denis Shapovalov,Jannik Sinner
Australian Open,2021-02-09,Grand Slam,Hard,1st Round,Cameron Norrie,Daniel Evans
Australian Open,2021-02-10,Grand Slam,Hard,2nd Round,Novak Djokovic,Frances Tiafoe
Australian Open,2021-02-11,Grand Slam,Hard,2nd Round,Casper Ruud,Tommy Paul
Australian Open,2021-02-12,Grand Slam,Hard,3rd Round,Grigor Dimitrov,Pablo Carreno Busta
Australian Open,2021-02-12,Grand Slam,Hard,3rd Round,Felix Auger-Aliassime,Denis Shapovalov
Australian Open,2021-02-12,Grand Slam,Hard,3rd Round,Novak Djokovic,Taylor Fritz
Australian Open,2021-02-13,Grand Slam,Hard,3rd Round,Matteo Berrettini,Karen Khachanov
Australian Open,2021-02-13,Grand Slam,Hard,3rd Round,Rafael Nadal,Cameron Norrie
Australian Open,2021-02-15,Grand Slam,Hard,4th Round,Andrey Rublev,Casper Ruud
Australian Open,2021-02-15,Grand Slam,Hard,4th Round,Stefanos Tsitsipas,Matteo Berrettini
Australian Open,2021-02-16,Grand Slam,Hard,Quarterfinals,Novak Djokovic,Alexander Zverev
Australian Open,2021-02-17,Grand Slam,Hard,Quarterfinals,Daniil Medvedev,Andrey Rublev
Australian Open,2021-02-17,Grand Slam,Hard,Quarterfinals,Stefanos Tsitsipas,Rafael Nadal
Australian Open,2021-02-19,Grand Slam,Hard,Semifinals,Daniil Medvedev,Stefanos Tsitsipas
Australian Open,2021-02-21,Grand Slam,Hard,The Final,Novak Djokovic,Daniil Medvedev
Cordoba Open,2021-02-25,ATP250,Clay,2nd Round,Francisco Cerundolo,Miomir Kecmanovic
Open Sud de France,2021-02-25,ATP250,Hard,2nd Round,Alejandro Davidovich Fokina,Hubert Hurkacz
Argentina Open,2021-03-06,ATP250,Clay,Semifinals,Diego Schwartzman,Miomir Kecmanovic
Argentina Open,2021-03-07,ATP250,Clay,The Final,Diego Schwartzman,Francisco Cerundolo
ABN AMRO World Tennis Tournament,2021-03-03,ATP500,Hard,1st Round,Alejandro Davidovich Fokina,Roberto Bautista Agut
ABN AMRO World Tennis Tournament,2021-03-03,ATP500,Hard,2nd Round,Karen Khachanov,Cameron Norrie
ABN AMRO World Tennis Tournament,2021-03-04,ATP500,Hard,2nd Round,Stefanos Tsitsipas,Hubert Hurkacz
ABN AMRO World Tennis Tournament,2021-03-05,ATP500,Hard,Quarterfinals,Stefanos Tsitsipas,Karen Khachanov
ABN AMRO World Tennis Tournament,2021-03-06,ATP500,Hard,Semifinals,Andrey Rublev,Stefanos Tsitsipas
Qatar Exxon Mobil Open,2021-03-11,ATP250,Hard,Quarterfinals,Taylor Fritz,Denis Shapovalov
Qatar Exxon Mobil Open,2021-03-12,ATP250,Hard,Semifinals,Roberto Bautista Agut,Andrey Rublev
Open 13,2021-03-09,ATP250,Hard,1st Round,Alejandro Davidovich Fokina,Stefanos Tsitsipas
Open 13,2021-03-12,ATP250,Hard,Quarterfinals,Daniil Medvedev,Jannik Sinner
Abierto Mexicano,2021-03-16,ATP500,Hard,1st Round,Alexander Zverev,Carlos Alcaraz
Abierto Mexicano,2021-03-17,ATP500,Hard,1st Round,Lorenzo Musetti,Diego Schwartzman
Abierto Mexicano,2021-03-18,ATP500,Hard,2nd Round,Lorenzo Musetti,Frances Tiafoe
Abierto Mexicano,2021-03-18,ATP500,Hard,2nd Round,Grigor Dimitrov,Miomir Kecmanovic
Abierto Mexicano,2021-03-19,ATP500,Hard,Quarterfinals,Alexander Zverev,Casper Ruud
Abierto Mexicano,2021-03-19,ATP500,Hard,Quarterfinals,Stefanos Tsitsipas,Felix Auger-Aliassime
Abierto Mexicano,2021-03-19,ATP500,Hard,Quarterfinals,Lorenzo Musetti,Grigor Dimitrov
Abierto Mexicano,2021-03-20,ATP500,Hard,Semifinals,Stefanos Tsitsipas,Lorenzo Musetti
Abierto Mexicano,2021-03-21,ATP500,Hard,The Final,Alexander Zverev,Stefanos Tsitsipas
Dubai Tennis Championships,2021-03-17,ATP500,Hard,3rd Round,Denis Shapovalov,Hubert Hurkacz
Dubai Tennis Championships,2021-03-17,ATP500,Hard,3rd Round,Jannik Sinner,Roberto Bautista Agut
Dubai Tennis Championships,2021-03-17,ATP500,Hard,3rd Round,Andrey Rublev,Taylor Fritz
Miami Open,2021-03-26,Masters 1000,Hard,2nd Round,Cameron Norrie,Grigor Dimitrov
Miami Open,2021-03-26,Masters 1000,Hard,2nd Round,Frances Tiafoe,Daniel Evans
Miami Open,2021-03-28,Masters 1000,Hard,3rd Round,Jannik Sinner,Karen Khachanov
Miami Open,2021-03-29,Masters 1000,Hard,3rd Round,Taylor Fritz,Cameron Norrie
Miami Open,2021-03-29,Masters 1000,Hard,3rd Round,Marin Cilic,Lorenzo Musetti
Miami Open,2021-03-29,Masters 1000,Hard,3rd Round,Hubert Hurkacz,Denis Shapovalov
Miami Open,2021-03-30,Masters 1000,Hard,4th Round,Daniil Medvedev,Frances Tiafoe
Miami Open,2021-03-31,Masters 1000,Hard,4th Round,Andrey Rublev,Marin Cilic
Miami Open,2021-04-01,Masters 1000,Hard,Quarterfinals,Roberto Bautista Agut,Daniil Medvedev
Miami Open,2021-04-01,Masters 1000,Hard,Quarterfinals,Hubert Hurkacz,Stefanos Tsitsipas
Miami Open,2021-04-02,Masters 1000,Hard,Semifinals,Jannik Sinner,Roberto Bautista Agut
Miami Open,2021-04-03,Masters 1000,Hard,Semifinals,Hubert Hurkacz,Andrey Rublev
Miami Open,2021-04-04,Masters 1000,Hard,The Final,Hubert Hurkacz,Jannik Sinner
Sardegna Open,2021-04-08,ATP250,Hard,2nd Round,Lorenzo Musetti,Daniel Evans
AnyTech365 Andalucia Open,2021-04-09,ATP250,Hard,Quarterfinals,Carlos Alcaraz,Casper Ruud
Monte Carlo Masters,2021-04-12,Masters 1000,Clay,1st Round,Alejandro Davidovich Fokina,Alex de Minaur
Monte Carlo Masters,2021-04-13,Masters 1000,Clay,1st Round,Roberto Bautista Agut,Taylor Fritz
Monte Carlo Masters,2021-04-13,Masters 1000,Clay,1st Round,Casper Ruud,Holger Rune
Monte Carlo Masters,2021-04-13,Masters 1000,Clay,2nd Round,Alejandro Davidovich Fokina,Matteo Berrettini
Monte Carlo Masters,2021-04-14,Masters 1000,Clay,2nd Round,Novak Djokovic,Jannik Sinner
Monte Carlo Masters,2021-04-14,Masters 1000,Clay,2nd Round,Casper Ruud,Diego Schwartzman
Monte Carlo Masters,2021-04-14,Masters 1000,Clay,2nd Round,Daniel Evans,Hubert Hurkacz
Monte Carlo Masters,2021-04-14,Masters 1000,Clay,2nd Round,Roberto Bautista Agut,Tommy Paul
Monte Carlo Masters,2021-04-14,Masters 1000,Clay,2nd Round,Pablo Carreno Busta,Karen Khachanov
Monte Carlo Masters,2021-04-15,Masters 1000,Clay,3rd Round,Daniel Evans,Novak Djokovic
Monte Carlo Masters,2021-04-15,Masters 1000,Clay,3rd Round,Rafael Nadal,Grigor Dimitrov
Monte Carlo Masters,2021-04-15,Masters 1000,Clay,3rd Round,Andrey Rublev,Roberto Bautista Agut
Monte Carlo Masters,2021-04-15,Masters 1000,Clay,3rd Round,Casper Ruud,Pablo Carreno Busta
Monte Carlo Masters,2021-04-16,Masters 1000,Clay,Quarterfinals,Stefanos Tsitsipas,Alejandro Davidovich Fokina
Monte Carlo Masters,2021-04-16,Masters 1000,Clay,Quarterfinals,Andrey Rublev,Rafael Nadal
Monte Carlo Masters,2021-04-17,Masters 1000,Clay,Semifinals,Stefanos Tsitsipas,Daniel Evans
Monte Carlo Masters,2021-04-17,Masters 1000,Clay,Semifinals,Andrey Rublev,Casper Ruud
Monte Carlo Masters,2021-04-18,Masters 1000,Clay,The Final,Stefanos Tsitsipas,Andrey Rublev
Barcelona Open,2021-04-20,ATP500,Clay,1st Round,Frances Tiafoe,Carlos Alcaraz
Barcelona Open,2021-04-20,ATP500,Clay,2nd Round,Cameron Norrie,Karen Khachanov
Barcelona Open,2021-04-21,ATP500,Clay,2nd Round,Felix Auger-Aliassime,Lorenzo Musetti
Barcelona Open,2021-04-21,ATP500,Clay,2nd Round,Diego Schwartzman,Frances Tiafoe
Barcelona Open,2021-04-22,ATP500,Clay,3rd Round,Felix Auger-Aliassime,Denis Shapovalov
Barcelona Open,2021-04-22,ATP500,Clay,3rd Round,Jannik Sinner,Roberto Bautista Agut
Barcelona Open,2021-04-22,ATP500,Clay,3rd Round,Stefanos Tsitsipas,Alex de Minaur
Barcelona Open,2021-04-23,ATP500,Clay,Quarterfinals,Jannik Sinner,Andrey Rublev
Barcelona Open,2021-04-23,ATP500,Clay,Quarterfinals,Stefanos Tsitsipas,Felix Auger-Aliassime
Barcelona Open,2021-04-23,ATP500,Clay,Quarterfinals,Rafael Nadal,Cameron Norrie
Barcelona Open,2021-04-23,ATP500,Clay,Quarterfinals,Pablo Carreno Busta,Diego Schwartzman
Barcelona Open,2021-04-24,ATP500,Clay,Semifinals,Stefanos Tsitsipas,Jannik Sinner
Barcelona Open,2021-04-24,ATP500,Clay,Semifinals,Rafael Nadal,Pablo Carreno Busta
Barcelona Open,2021-04-25,ATP500,Clay,The Final,Rafael Nadal,Stefanos Tsitsipas
Serbia Open,2021-04-23,ATP250,Clay,Quarterfinals,Novak Djokovic,Miomir Kecmanovic
Millennium Estoril Open,2021-04-27,ATP250,Clay,1st Round,Marin Cilic,Carlos Alcaraz
Millennium Estoril Open,2021-05-01,ATP250,Clay,Semifinals,Cameron Norrie,Marin Cilic
Mutua Madrid Open,2021-05-04,Masters 1000,Clay,1st Round,Casper Ruud,Felix Auger-Aliassime
Mutua Madrid Open,2021-05-04,Masters 1000,Clay,2nd Round,Andrey Rublev,Tommy Paul
Mutua Madrid Open,2021-05-05,Masters 1000,Clay,2nd Round,Daniil Medvedev,Alejandro Davidovich Fokina
Mutua Madrid Open,2021-05-05,Masters 1000,Clay,2nd Round,Rafael Nadal,Carlos Alcaraz
Mutua Madrid Open,2021-05-06,Masters 1000,Clay,3rd Round,Casper Ruud,Stefanos Tsitsipas
Mutua Madrid Open,2021-05-06,Masters 1000,Clay,3rd Round,Alexander Zverev,Daniel Evans
Mutua Madrid Open,2021-05-07,Masters 1000,Clay,Quarterfinals,Alexander Zverev,Rafael Nadal
Mutua Madrid Open,2021-05-08,Masters 1000,Clay,Semifinals,Matteo Berrettini,Casper Ruud
Mutua Madrid Open,2021-05-09,Masters 1000,Clay,The Final,Alexander Zverev,Matteo Berrettini
Internazionali BNL d'Italia,2021-05-10,Masters 1000,Clay,1st Round,Taylor Fritz,Daniel Evans
Internazionali BNL d'Italia,2021-05-10,Masters 1000,Clay,1st Round,Lorenzo Musetti,Hubert Hurkacz
Internazionali BNL d'Italia,2021-05-11,Masters 1000,Clay,1st Round,Alejandro Davidovich Fokina,Grigor Dimitrov
Internazionali BNL d'Italia,2021-05-11,Masters 1000,Clay,1st Round,Roberto Bautista Agut,Tommy Paul
Internazionali BNL d'Italia,2021-05-11,Masters 1000,Clay,2nd Round,Novak Djokovic,Taylor Fritz
Internazionali BNL d'Italia,2021-05-11,Masters 1000,Clay,2nd Round,Felix Auger-Aliassime,Diego Schwartzman
Internazionali BNL d'Italia,2021-05-12,Masters 1000,Clay,2nd Round,Alejandro Davidovich Fokina,Cameron Norrie
Internazionali BNL d'Italia,2021-05-12,Masters 1000,Clay,2nd Round,Stefanos Tsitsipas,Marin Cilic
Internazionali BNL d'Italia,2021-05-12,Masters 1000,Clay,2nd Round,Rafael Nadal,Jannik Sinner
Internazionali BNL d'Italia,2021-05-13,Masters 1000,Clay,3rd Round,Novak Djokovic,Alejandro Davidovich Fokina
Internazionali BNL d'Italia,2021-05-13,Masters 1000,Clay,3rd Round,Stefanos Tsitsipas,Matteo Berrettini
Internazionali BNL d'Italia,2021-05-13,Masters 1000,Clay,3rd Round,Rafael Nadal,Denis Shapovalov
Internazionali BNL d'Italia,2021-05-13,Masters 1000,Clay,3rd Round,Andrey Rublev,Roberto Bautista Agut
Internazionali BNL d'Italia,2021-05-14,Masters 1000,Clay,Quarterfinals,Rafael Nadal,Alexander Zverev
Internazionali BNL d'Italia,2021-05-15,Masters 1000,Clay,Quarterfinals,Novak Djokovic,Stefanos Tsitsipas
Internazionali BNL d'Italia,2021-05-16,Masters 1000,Clay,The Final,Rafael Nadal,Novak Djokovic
Geneva Open,2021-05-22,ATP250,Clay,The Final,Casper Ruud,Denis Shapovalov
Lyon Open,2021-05-18,ATP250,Clay,1st Round,Lorenzo Musetti,Felix Auger-Aliassime
Lyon Open,2021-05-20,ATP250,Clay,2nd Round,Stefanos Tsitsipas,Tommy Paul
Lyon Open,2021-05-22,ATP250,Clay,Semifinals,Stefanos Tsitsipas,Lorenzo Musetti
Lyon Open,2021-05-22,ATP250,Clay,Semifinals,Cameron Norrie,Karen Khachanov
Lyon Open,2021-05-23,ATP250,Clay,The Final,Stefanos Tsitsipas,Cameron Norrie
French Open,2021-05-30,Grand Slam,Clay,1st Round,Miomir Kecmanovic,Daniel Evans
French Open,2021-06-02,Grand Slam,Clay,2nd Round,Daniil Medvedev,Tommy Paul
French Open,2021-06-04,Grand Slam,Clay,3rd Round,Alejandro Davidovich Fokina,Casper Ruud
French Open,2021-06-05,Grand Slam,Clay,3rd Round,Rafael Nadal,Cameron Norrie
French Open,2021-06-06,Grand Slam,Clay,4th Round,Stefanos Tsitsipas,Pablo Carreno Busta
French Open,2021-06-07,Grand Slam,Clay,4th Round,Novak Djokovic,Lorenzo Musetti
French Open,2021-06-07,Grand Slam,Clay,4th Round,Rafael Nadal,Jannik Sinner
French Open,2021-06-08,Grand Slam,Clay,Quarterfinals,Alexander Zverev,Alejandro Davidovich Fokina
French Open,2021-06-08,Grand Slam,Clay,Quarterfinals,Stefanos Tsitsipas,Daniil Medvedev
French Open,2021-06-09,Grand Slam,Clay,Quarterfinals,Rafael Nadal,Diego Schwartzman
French Open,2021-06-09,Grand Slam,Clay,Quarterfinals,Novak Djokovic,Matteo Berrettini
French Open,2021-06-11,Grand Slam,Clay,Semifinals,Stefanos Tsitsipas,Alexander Zverev
French Open,2021-06-11,Grand Slam,Clay,Semifinals,Novak Djokovic,Rafael Nadal
French Open,2021-06-13,Grand Slam,Clay,The Final,Novak Djokovic,Stefanos Tsitsipas
Mercedes Cup,2021-06-11,ATP250,Grass,Quarterfinals,Marin Cilic,Denis Shapovalov
Mercedes Cup,2021-06-13,ATP250,Grass,The Final,Marin Cilic,Felix Auger-Aliassime
Halle Open,2021-06-15,ATP500,Grass,1st Round,Andrey Rublev,Karen Khachanov
Halle Open,2021-06-15,ATP500,Grass,1st Round,Felix Auger-Aliassime,Hubert Hurkacz
Queen's Club Championships,2021-06-18,ATP500,Grass,Quarterfinals,Matteo Berrettini,Daniel Evans
Queen's Club Championships,2021-06-18,ATP500,Grass,Quarterfinals,Alex de Minaur,Marin Cilic
Queen's Club Championships,2021-06-19,ATP500,Grass,Quarterfinals,Denis Shapovalov,Frances Tiafoe
Queen's Club Championships,2021-06-19,ATP500,Grass,Semifinals,Matteo Berrettini,Alex de Minaur
Queen's Club Championships,2021-06-19,ATP500,Grass,Semifinals,Cameron Norrie,Denis Shapovalov
Queen's Club Championships,2021-06-20,ATP500,Grass,The Final,Matteo Berrettini,Cameron Norrie
Mallorca Championships,2021-06-24,ATP250,Grass,Quarterfinals,Daniil Medvedev,Casper Ruud
Mallorca Championships,2021-06-25,ATP250,Grass,Semifinals,Daniil Medvedev,Pablo Carreno Busta
Wimbledon,2021-06-28,Grand Slam,Grass,1st Round,Frances Tiafoe,Stefanos Tsitsipas
Wimbledon,2021-06-29,Grand Slam,Grass,1st Round,Hubert Hurkacz,Lorenzo Musetti
Wimbledon,2021-07-01,Grand Slam,Grass,2nd Round,Roberto Bautista Agut,Miomir Kecmanovic
Wimbledon,2021-07-01,Grand Slam,Grass,2nd Round,Daniil Medvedev,Carlos Alcaraz
Wimbledon,2021-07-02,Grand Slam,Grass,3rd Round,Karen Khachanov,Frances Tiafoe
Wimbledon,2021-07-03,Grand Slam,Grass,3rd Round,Alexander Zverev,Taylor Fritz
Wimbledon,2021-07-03,Grand Slam,Grass,3rd Round,Felix Auger-Aliassime,Nick Kyrgios
Wimbledon,2021-07-03,Grand Slam,Grass,3rd Round,Daniil Medvedev,Marin Cilic
Wimbledon,2021-07-05,Grand Slam,Grass,4th Round,Denis Shapovalov,Roberto Bautista Agut
Wimbledon,2021-07-05,Grand Slam,Grass,4th Round,Felix Auger-Aliassime,Alexander Zverev
Wimbledon,2021-07-06,Grand Slam,Grass,4th Round,Hubert Hurkacz,Daniil Medvedev
Wimbledon,2021-07-07,Grand Slam,Grass,Quarterfinals,Denis Shapovalov,Karen Khachanov
Wimbledon,2021-07-07,Grand Slam,Grass,Quarterfinals,Matteo Berrettini,Felix Auger-Aliassime
Wimbledon,2021-07-09,Grand Slam,Grass,Semifinals,Matteo Berrettini,Hubert Hurkacz
Wimbledon,2021-07-09,Grand Slam,Grass,Semifinals,Novak Djokovic,Denis Shapovalov
Wimbledon,2021-07-11,Grand Slam,Grass,The Final,Novak Djokovic,Matteo Berrettini
Nordea Open,2021-07-15,ATP250,Clay,2nd Round,Casper Ruud,Holger Rune
Mifel Open,2021-07-24,ATP250,Hard,Semifinals,Cameron Norrie,Taylor Fritz
BB&T Atlanta Open,2021-07-30,ATP250,Hard,2nd Round,Cameron Norrie,Nick Kyrgios
Canadian Open,2021-08-10,Masters 1000,Hard,1st Round,Karen Khachanov,Cameron Norrie
Canadian Open,2021-08-10,Masters 1000,Hard,2nd Round,Casper Ruud,Marin Cilic
Canadian Open,2021-08-11,Masters 1000,Hard,2nd Round,Roberto Bautista Agut,Tommy Paul
Canadian Open,2021-08-12,Masters 1000,Hard,2nd Round,Frances Tiafoe,Denis Shapovalov
Canadian Open,2021-08-12,Masters 1000,Hard,3rd Round,Stefanos Tsitsipas,Karen Khachanov
Canadian Open,2021-08-12,Masters 1000,Hard,3rd Round,Roberto Bautista Agut,Diego Schwartzman
Canadian Open,2021-08-13,Masters 1000,Hard,Quarterfinals,Stefanos Tsitsipas,Casper Ruud
Canadian Open,2021-08-14,Masters 1000,Hard,Quarterfinals,Daniil Medvedev,Hubert Hurkacz
Western & Southern Financial Group Masters,2021-08-16,Masters 1000,Hard,1st Round,Diego Schwartzman,Daniel Evans
Western & Southern Financial Group Masters,2021-08-17,Masters 1000,Hard,1st Round,Hubert Hurkacz,Alejandro Davidovich Fokina
Western & Southern Financial Group Masters,2021-08-17,Masters 1000,Hard,1st Round,Grigor Dimitrov,Roberto Bautista Agut
Western & Southern Financial Group Masters,2021-08-18,Masters 1000,Hard,2nd Round,Felix Auger-Aliassime,Karen Khachanov
Western & Southern Financial Group Masters,2021-08-18,Masters 1000,Hard,2nd Round,Andrey Rublev,Marin Cilic
Western & Southern Financial Group Masters,2021-08-19,Masters 1000,Hard,2nd Round,Diego Schwartzman,Frances Tiafoe
Western & Southern Financial Group Masters,2021-08-19,Masters 1000,Hard,3rd Round,Daniil Medvedev,Grigor Dimitrov
Western & Southern Financial Group Masters,2021-08-19,Masters 1000,Hard,3rd Round,Pablo Carreno Busta,Hubert Hurkacz
Western & Southern Financial Group Masters,2021-08-19,Masters 1000,Hard,3rd Round,Casper Ruud,Diego Schwartzman
Western & Southern Financial Group Masters,2021-08-20,Masters 1000,Hard,3rd Round,Felix Auger-Aliassime,Matteo Berrettini
Western & Southern Financial Group Masters,2021-08-20,Masters 1000,Hard,Quarterfinals,Daniil Medvedev,Pablo Carreno Busta
Western & Southern Financial Group Masters,2021-08-21,Masters 1000,Hard,Quarterfinals,Stefanos Tsitsipas,Felix Auger-Aliassime
Western & Southern Financial Group Masters,2021-08-21,Masters 1000,Hard,Quarterfinals,Alexander Zverev,Casper Ruud
Western & Southern Financial Group Masters,2021-08-21,Masters 1000,Hard,Semifinals,Andrey Rublev,Daniil Medvedev
Western & Southern Financial Group Masters,2021-08-21,Masters 1000,Hard,Semifinals,Alexander Zverev,Stefanos Tsitsipas
Western & Southern Financial Group Masters,2021-08-22,Masters 1000,Hard,The Final,Alexander Zverev,Andrey Rublev
US Open,2021-08-30,Grand Slam,Hard,1st Round,Carlos Alcaraz,Cameron Norrie
US Open,2021-08-31,Grand Slam,Hard,1st Round,Roberto Bautista Agut,Nick Kyrgios
US Open,2021-09-01,Grand Slam,Hard,1st Round,Novak Djokovic,Holger Rune
US Open,2021-09-01,Grand Slam,Hard,1st Round,Taylor Fritz,Alex de Minaur
US Open,2021-09-03,Grand Slam,Hard,3rd Round,Carlos Alcaraz,Stefanos Tsitsipas
US Open,2021-09-04,Grand Slam,Hard,3rd Round,Felix Auger-Aliassime,Roberto Bautista Agut
US Open,2021-09-04,Grand Slam,Hard,3rd Round,Frances Tiafoe,Andrey Rublev
US Open,2021-09-05,Grand Slam,Hard,4th Round,Daniil Medvedev,Daniel Evans
US Open,2021-09-06,Grand Slam,Hard,4th Round,Felix Auger-Aliassime,Frances Tiafoe
US Open,2021-09-06,Grand Slam,Hard,4th Round,Alexander Zverev,Jannik Sinner
US Open,2021-09-08,Grand Slam,Hard,Quarterfinals,Felix Auger-Aliassime,Carlos Alcaraz
US Open,2021-09-09,Grand Slam,Hard,Quarterfinals,Novak Djokovic,Matteo Berrettini
US Open,2021-09-10,Grand Slam,Hard,Semifinals,Daniil Medvedev,Felix Auger-Aliassime
US Open,2021-09-11,Grand Slam,Hard,Semifinals,Novak Djokovic,Alexander Zverev
US Open,2021-09-12,Grand Slam,Hard,The Final,Daniil Medvedev,Novak Djokovic
Open de Moselle,2021-09-24,ATP250,Hard,Quarterfinals,Pablo Carreno Busta,Holger Rune
Open de Moselle,2021-09-26,ATP250,Hard,The Final,Hubert Hurkacz,Pablo Carreno Busta
San Diego Open,2021-09-30,ATP250,Hard,2nd Round,Cameron Norrie,Daniel Evans
San Diego Open,2021-09-30,ATP250,Hard,2nd Round,Denis Shapovalov,Taylor Fritz
San Diego Open,2021-10-01,ATP250,Hard,Quarterfinals,Cameron Norrie,Denis Shapovalov
San Diego Open,2021-10-01,ATP250,Hard,Quarterfinals,Andrey Rublev,Diego Schwartzman
San Diego Open,2021-10-02,ATP250,Hard,Semifinals,Cameron Norrie,Andrey Rublev
San Diego Open,2021-10-03,ATP250,Hard,Semifinals,Casper Ruud,Grigor Dimitrov
San Diego Open,2021-10-04,ATP250,Hard,The Final,Casper Ruud,Cameron Norrie
BNP Paribas Open,2021-10-11,Masters 1000,Hard,3rd Round,Diego Schwartzman,Daniel Evans
BNP Paribas Open,2021-10-12,Masters 1000,Hard,3rd Round,Hubert Hurkacz,Frances Tiafoe
BNP Paribas Open,2021-10-12,Masters 1000,Hard,3rd Round,Tommy Paul,Andrey Rublev
BNP Paribas Open,2021-10-12,Masters 1000,Hard,3rd Round,Cameron Norrie,Roberto Bautista Agut
BNP Paribas Open,2021-10-12,Masters 1000,Hard,3rd Round,Taylor Fritz,Matteo Berrettini
BNP Paribas Open,2021-10-12,Masters 1000,Hard,3rd Round,Karen Khachanov,Pablo Carreno Busta
BNP Paribas Open,2021-10-13,Masters 1000,Hard,4th Round,Diego Schwartzman,Casper Ruud
BNP Paribas Open,2021-10-13,Masters 1000,Hard,4th Round,Cameron Norrie,Tommy Paul
BNP Paribas Open,2021-10-13,Masters 1000,Hard,4th Round,Grigor Dimitrov,Daniil Medvedev
BNP Paribas Open,2021-10-13,Masters 1000,Hard,4th Round,Taylor Fritz,Jannik Sinner
BNP Paribas Open,2021-10-14,Masters 1000,Hard,4th Round,Stefanos Tsitsipas,Alex de Minaur
BNP Paribas Open,2021-10-14,Masters 1000,Hard,Quarterfinals,Cameron Norrie,Diego Schwartzman
BNP Paribas Open,2021-10-14,Masters 1000,Hard,Quarterfinals,Grigor Dimitrov,Hubert Hurkacz
BNP Paribas Open,2021-10-15,Masters 1000,Hard,Quarterfinals,Taylor Fritz,Alexander Zverev
BNP Paribas Open,2021-10-16,Masters 1000,Hard,Semifinals,Cameron Norrie,Grigor Dimitrov
European Open,2021-10-20,ATP250,Hard,2nd Round,Jannik Sinner,Lorenzo Musetti
European Open,2021-10-24,ATP250,Hard,The Final,Jannik Sinner,Diego Schwartzman
Kremlin Cup,2021-10-20,ATP250,Hard,2nd Round,Marin Cilic,Tommy Paul
St. Petersburg Open,2021-10-28,ATP250,Hard,2nd Round,Taylor Fritz,Tommy Paul
St. Petersburg Open,2021-10-28,ATP250,Hard,2nd Round,Marin Cilic,Karen Khachanov
St. Petersburg Open,2021-10-29,ATP250,Hard,Quarterfinals,Marin Cilic,Roberto Bautista Agut
St. Petersburg Open,2021-10-31,ATP250,Hard,The Final,Marin Cilic,Taylor Fritz
Vienna Open,2021-10-25,ATP500,Hard,1st Round,Carlos Alcaraz,Daniel Evans
Vienna Open,2021-10-26,ATP500,Hard,1st Round,Stefanos Tsitsipas,Grigor Dimitrov
Vienna Open,2021-10-28,ATP500,Hard,2nd Round,Felix Auger-Aliassime,Cameron Norrie
Vienna Open,2021-10-28,ATP500,Hard,2nd Round,Alexander Zverev,Alex de Minaur
Vienna Open,2021-10-28,ATP500,Hard,2nd Round,Frances Tiafoe,Stefanos Tsitsipas
Vienna Open,2021-10-29,ATP500,Hard,Quarterfinals,Carlos Alcaraz,Matteo Berrettini
Vienna Open,2021-10-29,ATP500,Hard,Quarterfinals,Alexander Zverev,Felix Auger-Aliassime
Vienna Open,2021-10-29,ATP500,Hard,Quarterfinals,Frances Tiafoe,Diego Schwartzman
Vienna Open,2021-10-29,ATP500,Hard,Quarterfinals,Jannik Sinner,Casper Ruud
Vienna Open,2021-10-30,ATP500,Hard,Semifinals,Alexander Zverev,Carlos Alcaraz
Vienna Open,2021-10-30,ATP500,Hard,Semifinals,Frances Tiafoe,Jannik Sinner
Vienna Open,2021-10-31,ATP500,Hard,The Final,Alexander Zverev,Frances Tiafoe
BNP Paribas Masters,2021-11-02,Masters 1000,Hard,1st Round,Marin Cilic,Alejandro Davidovich Fokina
BNP Paribas Masters,2021-11-03,Masters 1000,Hard,2nd Round,Taylor Fritz,Andrey Rublev
BNP Paribas Masters,2021-11-03,Masters 1000,Hard,2nd Round,Hubert Hurkacz,Tommy Paul
BNP Paribas Masters,2021-11-03,Masters 1000,Hard,2nd Round,Grigor Dimitrov,Karen Khachanov
BNP Paribas Masters,2021-11-03,Masters 1000,Hard,2nd Round,Carlos Alcaraz,Jannik Sinner
BNP Paribas Masters,2021-11-04,Masters 1000,Hard,3rd Round,Taylor Fritz,Cameron Norrie
BNP Paribas Masters,2021-11-04,Masters 1000,Hard,3rd Round,Alexander Zverev,Grigor Dimitrov
BNP Paribas Masters,2021-11-05,Masters 1000,Hard,Quarterfinals,Novak Djokovic,Taylor Fritz
BNP Paribas Masters,2021-11-05,Masters 1000,Hard,Quarterfinals,Alexander Zverev,Casper Ruud
BNP Paribas Masters,2021-11-06,Masters 1000,Hard,Semifinals,Novak Djokovic,Hubert Hurkacz
BNP Paribas Masters,2021-11-06,Masters 1000,Hard,Semifinals,Daniil Medvedev,Alexander Zverev
BNP Paribas Masters,2021-11-07,Masters 1000,Hard,The Final,Novak Djokovic,Daniil Medvedev
Stockholm Open,2021-11-10,ATP250,Hard,2nd Round,Daniel Evans,Alejandro Davidovich Fokina
Stockholm Open,2021-11-10,ATP250,Hard,2nd Round,Tommy Paul,Taylor Fritz
Stockholm Open,2021-11-11,ATP250,Hard,Quarterfinals,Frances Tiafoe,Daniel Evans
Stockholm Open,2021-11-12,ATP250,Hard,Semifinals,Tommy Paul,Frances Tiafoe
Stockholm Open,2021-11-12,ATP250,Hard,Semifinals,Denis Shapovalov,Felix Auger-Aliassime
Stockholm Open,2021-11-13,ATP250,Hard,The Final,Tommy Paul,Denis Shapovalov
Masters Cup,2021-11-14,Masters Cup,Hard,Round Robin,Daniil Medvedev,Hubert Hurkacz
Masters Cup,2021-11-14,Masters Cup,Hard,Round Robin,Matteo Berrettini,Alexander Zverev
Masters Cup,2021-11-15,Masters Cup,Hard,Round Robin,Novak Djokovic,Casper Ruud
Masters Cup,2021-11-15,Masters Cup,Hard,Round Robin,Andrey Rublev,Stefanos Tsitsipas
Masters Cup,2021-11-16,Masters Cup,Hard,Round Robin,Daniil Medvedev,Alexander Zverev
Masters Cup,2021-11-16,Masters Cup,Hard,Round Robin,Jannik Sinner,Hubert Hurkacz
Masters Cup,2021-11-17,Masters Cup,Hard,Round Robin,Novak Djokovic,Andrey Rublev
Masters Cup,2021-11-17,Masters Cup,Hard,Round Robin,Casper Ruud,Cameron Norrie
Masters Cup,2021-11-18,Masters Cup,Hard,Round Robin,Alexander Zverev,Hubert Hurkacz
Masters Cup,2021-11-18,Masters Cup,Hard,Round Robin,Daniil Medvedev,Jannik Sinner
Masters Cup,2021-11-19,Masters Cup,Hard,Round Robin,Casper Ruud,Andrey Rublev
Masters Cup,2021-11-19,Masters Cup,Hard,Round Robin,Novak Djokovic,Cameron Norrie
Masters Cup,2021-11-20,Masters Cup,Hard,Semifinals,Daniil Medvedev,Casper Ruud
Masters Cup,2021-11-20,Masters Cup,Hard,Semifinals,Alexander Zverev,Novak Djokovic
Masters Cup,2021-11-21,Masters Cup,Hard,The Final,Alexander Zverev,Daniil Medvedev
Qatar Exxon Mobil Open,2020-01-10,ATP250,Hard,Semifinals,Andrey Rublev,Miomir Kecmanovic
ASB Classic,2020-01-16,ATP250,Hard,Quarterfinals,Andrey Rublev,Daniel Evans
ASB Classic,2020-01-17,ATP250,Hard,Semifinals,Andrey Rublev,Felix Auger-Aliassime
Australian Open,2020-01-21,Grand Slam,Hard,1st Round,Daniil Medvedev,Frances Tiafoe
Australian Open,2020-01-22,Grand Slam,Hard,2nd Round,Diego Schwartzman,Alejandro Davidovich Fokina
Australian Open,2020-01-22,Grand Slam,Hard,2nd Round,Tommy Paul,Grigor Dimitrov
Australian Open,2020-01-24,Grand Slam,Hard,3rd Round,Marin Cilic,Roberto Bautista Agut
Australian Open,2020-01-25,Grand Slam,Hard,3rd Round,Rafael Nadal,Pablo Carreno Busta
Australian Open,2020-01-25,Grand Slam,Hard,3rd Round,Nick Kyrgios,Karen Khachanov
Australian Open,2020-01-26,Grand Slam,Hard,4th Round,Novak Djokovic,Diego Schwartzman
Australian Open,2020-01-27,Grand Slam,Hard,4th Round,Rafael Nadal,Nick Kyrgios
Australian Open,2020-01-27,Grand Slam,Hard,4th Round,Alexander Zverev,Andrey Rublev
New York Open,2020-02-10,ATP250,Hard,1st Round,Miomir Kecmanovic,Tommy Paul
ABN AMRO World Tennis Tournament,2020-02-10,ATP500,Hard,1st Round,Grigor Dimitrov,Denis Shapovalov
ABN AMRO World Tennis Tournament,2020-02-11,ATP500,Hard,1st Round,Stefanos Tsitsipas,Hubert Hurkacz
ABN AMRO World Tennis Tournament,2020-02-12,ATP500,Hard,2nd Round,Pablo Carreno Busta,Roberto Bautista Agut
ABN AMRO World Tennis Tournament,2020-02-12,ATP500,Hard,2nd Round,Daniel Evans,Karen Khachanov
ABN AMRO World Tennis Tournament,2020-02-12,ATP500,Hard,2nd Round,Felix Auger-Aliassime,Grigor Dimitrov
ABN AMRO World Tennis Tournament,2020-02-14,ATP500,Hard,Quarterfinals,Pablo Carreno Busta,Jannik Sinner
ABN AMRO World Tennis Tournament,2020-02-15,ATP500,Hard,Semifinals,Felix Auger-Aliassime,Pablo Carreno Busta
Delray Beach Open,2020-02-18,ATP250,Hard,1st Round,Cameron Norrie,Taylor Fritz
Delray Beach Open,2020-02-20,ATP250,Hard,2nd Round,Frances Tiafoe,Tommy Paul
Open 13,2020-02-20,ATP250,Hard,2nd Round,Denis Shapovalov,Marin Cilic
Open 13,2020-02-20,ATP250,Hard,2nd Round,Daniil Medvedev,Jannik Sinner
Open 13,2020-02-23,ATP250,Hard,The Final,Stefanos Tsitsipas,Felix Auger-Aliassime
Abierto Mexicano,2020-02-25,ATP500,Hard,1st Round,Miomir Kecmanovic,Alex de Minaur
Abierto Mexicano,2020-02-27,ATP500,Hard,2nd Round,Tommy Paul,Alexander Zverev
Abierto Mexicano,2020-02-27,ATP500,Hard,2nd Round,Rafael Nadal,Miomir Kecmanovic
Abierto Mexicano,2020-02-29,ATP500,Hard,Semifinals,Rafael Nadal,Grigor Dimitrov
Abierto Mexicano,2020-03-01,ATP500,Hard,The Final,Rafael Nadal,Taylor Fritz
Dubai Tennis Championships,2020-02-24,ATP500,Hard,1st Round,Andrey Rublev,Lorenzo Musetti
Dubai Tennis Championships,2020-02-25,ATP500,Hard,1st Round,Stefanos Tsitsipas,Pablo Carreno Busta
Dubai Tennis Championships,2020-02-27,ATP500,Hard,Quarterfinals,Daniel Evans,Andrey Rublev
Dubai Tennis Championships,2020-02-27,ATP500,Hard,Quarterfinals,Novak Djokovic,Karen Khachanov
Dubai Tennis Championships,2020-02-28,ATP500,Hard,Semifinals,Stefanos Tsitsipas,Daniel Evans
Dubai Tennis Championships,2020-02-29,ATP500,Hard,The Final,Novak Djokovic,Stefanos Tsitsipas
Western & Southern Financial Group Masters,2020-08-23,Masters 1000,Hard,1st Round,Denis Shapovalov,Marin Cilic
Western & Southern Financial Group Masters,2020-08-23,Masters 1000,Hard,1st Round,Diego Schwartzman,Casper Ruud
Western & Southern Financial Group Masters,2020-08-23,Masters 1000,Hard,1st Round,Daniel Evans,Andrey Rublev
Western & Southern Financial Group Masters,2020-08-24,Masters 1000,Hard,2nd Round,Karen Khachanov,Pablo Carreno Busta
Western & Southern Financial Group Masters,2020-08-25,Masters 1000,Hard,3rd Round,Roberto Bautista Agut,Karen Khachanov
Western & Southern Financial Group Masters,2020-08-26,Masters 1000,Hard,Quarterfinals,Roberto Bautista Agut,Daniil Medvedev
Western & Southern Financial Group Masters,2020-08-28,Masters 1000,Hard,Semifinals,Novak Djokovic,Roberto Bautista Agut
US Open,2020-08-31,Grand Slam,Hard,1st Round,Cameron Norrie,Diego Schwartzman
US Open,2020-09-01,Grand Slam,Hard,1st Round,Karen Khachanov,Jannik Sinner
US Open,2020-09-02,Grand Slam,Hard,1st Round,Grigor Dimitrov,Tommy Paul
US Open,2020-09-02,Grand Slam,Hard,2nd Round,Alejandro Davidovich Fokina,Hubert Hurkacz
US Open,2020-09-03,Grand Slam,Hard,2nd Round,Roberto Bautista Agut,Miomir Kecmanovic
US Open,2020-09-04,Grand Slam,Hard,3rd Round,Alejandro Davidovich Fokina,Cameron Norrie
US Open,2020-09-04,Grand Slam,Hard,3rd Round,Denis Shapovalov,Taylor Fritz
US Open,2020-09-05,Grand Slam,Hard,3rd Round,Borna Coric,Stefanos Tsitsipas
US Open,2020-09-05,Grand Slam,Hard,3rd Round,Alex de Minaur,Karen Khachanov
US Open,2020-09-05,Grand Slam,Hard,3rd Round,Matteo Berrettini,Casper Ruud
US Open,2020-09-06,Grand Slam,Hard,4th Round,Alexander Zverev,Alejandro Davidovich Fokina
US Open,2020-09-06,Grand Slam,Hard,4th Round,Pablo Carreno Busta,Novak Djokovic
US Open,2020-09-08,Grand Slam,Hard,4th Round,Andrey Rublev,Matteo Berrettini
US Open,2020-09-08,Grand Slam,Hard,4th Round,Daniil Medvedev,Frances Tiafoe
US Open,2020-09-08,Grand Slam,Hard,Quarterfinals,Alexander Zverev,Borna Coric
US Open,2020-09-09,Grand Slam,Hard,Quarterfinals,Pablo Carreno Busta,Denis Shapovalov
US Open,2020-09-09,Grand Slam,Hard,Quarterfinals,Daniil Medvedev,Andrey Rublev
US Open,2020-09-11,Grand Slam,Hard,Semifinals,Alexander Zverev,Pablo Carreno Busta
Internazionali BNL d'Italia,2020-09-14,Masters 1000,Clay,1st Round,Casper Ruud,Karen Khachanov
Internazionali BNL d'Italia,2020-09-14,Masters 1000,Clay,1st Round,Hubert Hurkacz,Daniel Evans
Internazionali BNL d'Italia,2020-09-16,Masters 1000,Clay,2nd Round,Jannik Sinner,Stefanos Tsitsipas
Internazionali BNL d'Italia,2020-09-16,Masters 1000,Clay,2nd Round,Rafael Nadal,Pablo Carreno Busta
Internazionali BNL d'Italia,2020-09-17,Masters 1000,Clay,2nd Round,Hubert Hurkacz,Andrey Rublev
Internazionali BNL d'Italia,2020-09-18,Masters 1000,Clay,3rd Round,Grigor Dimitrov,Jannik Sinner
Internazionali BNL d'Italia,2020-09-18,Masters 1000,Clay,3rd Round,Casper Ruud,Marin Cilic
Internazionali BNL d'Italia,2020-09-18,Masters 1000,Clay,3rd Round,Diego Schwartzman,Hubert Hurkacz
Internazionali BNL d'Italia,2020-09-19,Masters 1000,Clay,Quarterfinals,Casper Ruud,Matteo Berrettini
Internazionali BNL d'Italia,2020-09-19,Masters 1000,Clay,Quarterfinals,Denis Shapovalov,Grigor Dimitrov
Internazionali BNL d'Italia,2020-09-19,Masters 1000,Clay,Quarterfinals,Diego Schwartzman,Rafael Nadal
Internazionali BNL d'Italia,2020-09-20,Masters 1000,Clay,Semifinals,Novak Djokovic,Casper Ruud
Internazionali BNL d'Italia,2020-09-20,Masters 1000,Clay,Semifinals,Diego Schwartzman,Denis Shapovalov
Internazionali BNL d'Italia,2020-09-21,Masters 1000,Clay,The Final,Novak Djokovic,Diego Schwartzman
German Tennis Championships,2020-09-23,ATP500,Clay,1st Round,Stefanos Tsitsipas,Daniel Evans
German Tennis Championships,2020-09-23,ATP500,Clay,2nd Round,Andrey Rublev,Tommy Paul
German Tennis Championships,2020-09-25,ATP500,Clay,Quarterfinals,Andrey Rublev,Roberto Bautista Agut
German Tennis Championships,2020-09-26,ATP500,Clay,Semifinals,Andrey Rublev,Casper Ruud
German Tennis Championships,2020-09-27,ATP500,Clay,The Final,Andrey Rublev,Stefanos Tsitsipas
French Open,2020-09-27,Grand Slam,Clay,1st Round,Diego Schwartzman,Miomir Kecmanovic
French Open,2020-09-30,Grand Slam,Clay,2nd Round,Casper Ruud,Tommy Paul
French Open,2020-10-01,Grand Slam,Clay,2nd Round,Andrey Rublev,Alejandro Davidovich Fokina
French Open,2020-10-03,Grand Slam,Clay,3rd Round,Pablo Carreno Busta,Roberto Bautista Agut
French Open,2020-10-04,Grand Slam,Clay,4th Round,Jannik Sinner,Alexander Zverev
French Open,2020-10-05,Grand Slam,Clay,4th Round,Stefanos Tsitsipas,Grigor Dimitrov
French Open,2020-10-05,Grand Slam,Clay,4th Round,Novak Djokovic,Karen Khachanov
French Open,2020-10-06,Grand Slam,Clay,Quarterfinals,Rafael Nadal,Jannik Sinner
French Open,2020-10-07,Grand Slam,Clay,Quarterfinals,Stefanos Tsitsipas,Andrey Rublev
French Open,2020-10-07,Grand Slam,Clay,Quarterfinals,Novak Djokovic,Pablo Carreno Busta
French Open,2020-10-09,Grand Slam,Clay,Semifinals,Rafael Nadal,Diego Schwartzman
French Open,2020-10-09,Grand Slam,Clay,Semifinals,Novak Djokovic,Stefanos Tsitsipas
French Open,2020-10-11,Grand Slam,Clay,The Final,Rafael Nadal,Novak Djokovic
bett1HULKS Indoors,2020-10-14,ATP250,Hard,2nd Round,Hubert Hurkacz,Alexander Zverev
bett1HULKS Indoors,2020-10-15,ATP250,Hard,2nd Round,Alejandro Davidovich Fokina,Marin Cilic
bett1HULKS Indoors,2020-10-16,ATP250,Hard,Quarterfinals,Roberto Bautista Agut,Hubert Hurkacz
bett1HULKS Indoors,2020-10-17,ATP250,Hard,Semifinals,Alexander Zverev,Alejandro Davidovich Fokina
bett1HULKS Indoors,2020-10-17,ATP250,Hard,Semifinals,Felix Auger-Aliassime,Roberto Bautista Agut
bett1HULKS Indoors,2020-10-18,ATP250,Hard,The Final,Alexander Zverev,Felix Auger-Aliassime
St. Petersburg Open,2020-10-12,ATP250,Hard,1st Round,Cameron Norrie,Taylor Fritz
St. Petersburg Open,2020-10-14,ATP250,Hard,2nd Round,Cameron Norrie,Miomir Kecmanovic
St. Petersburg Open,2020-10-16,ATP250,Hard,Quarterfinals,Andrey Rublev,Cameron Norrie
St. Petersburg Open,2020-10-17,ATP250,Hard,Semifinals,Andrey Rublev,Denis Shapovalov
St. Petersburg Open,2020-10-18,ATP250,Hard,The Final,Andrey Rublev,Borna Coric
European Open,2020-10-21,ATP250,Hard,2nd Round,Daniel Evans,Frances Tiafoe
European Open,2020-10-23,ATP250,Hard,Quarterfinals,Daniel Evans,Karen Khachanov
European Open,2020-10-24,ATP250,Hard,Semifinals,Alex de Minaur,Grigor Dimitrov
bett1HULKS Championship,2020-10-23,ATP250,Hard,Quarterfinals,Diego Schwartzman,Alejandro Davidovich Fokina
bett1HULKS Championship,2020-10-24,ATP250,Hard,Semifinals,Alexander Zverev,Jannik Sinner
bett1HULKS Championship,2020-10-24,ATP250,Hard,Semifinals,Diego Schwartzman,Felix Auger-Aliassime
bett1HULKS Championship,2020-10-25,ATP250,Hard,The Final,Alexander Zverev,Diego Schwartzman
Astana Open,2020-10-28,ATP250,Hard,2nd Round,Frances Tiafoe,Miomir Kecmanovic
Erste Bank Open,2020-10-26,ATP500,Hard,1st Round,Borna Coric,Taylor Fritz
Erste Bank Open,2020-10-27,ATP500,Hard,1st Round,Grigor Dimitrov,Karen Khachanov
Erste Bank Open,2020-10-28,ATP500,Hard,1st Round,Jannik Sinner,Casper Ruud
Erste Bank Open,2020-10-28,ATP500,Hard,2nd Round,Novak Djokovic,Borna Coric
Erste Bank Open,2020-10-29,ATP500,Hard,2nd Round,Andrey Rublev,Jannik Sinner
Erste Bank Open,2020-10-29,ATP500,Hard,2nd Round,Grigor Dimitrov,Stefanos Tsitsipas
Erste Bank Open,2020-10-30,ATP500,Hard,Quarterfinals,Daniel Evans,Grigor Dimitrov
BNP Paribas Masters,2020-11-02,Masters 1000,Hard,1st Round,Marin Cilic,Felix Auger-Aliassime
BNP Paribas Masters,2020-11-02,Masters 1000,Hard,1st Round,Alejandro Davidovich Fokina,Karen Khachanov
BNP Paribas Masters,2020-11-04,Masters 1000,Hard,2nd Round,Alexander Zverev,Miomir Kecmanovic
BNP Paribas Masters,2020-11-05,Masters 1000,Hard,3rd Round,Diego Schwartzman,Alejandro Davidovich Fokina
BNP Paribas Masters,2020-11-05,Masters 1000,Hard,3rd Round,Daniil Medvedev,Alex de Minaur
BNP Paribas Masters,2020-11-06,Masters 1000,Hard,Quarterfinals,Daniil Medvedev,Diego Schwartzman
BNP Paribas Masters,2020-11-06,Masters 1000,Hard,Quarterfinals,Rafael Nadal,Pablo Carreno Busta
BNP Paribas Masters,2020-11-07,Masters 1000,Hard,Semifinals,Alexander Zverev,Rafael Nadal
BNP Paribas Masters,2020-11-08,Masters 1000,Hard,The Final,Daniil Medvedev,Alexander Zverev
Sofia Open,2020-11-12,ATP250,Hard,Quarterfinals,Jannik Sinner,Alex de Minaur
Masters Cup,2020-11-15,Masters Cup,Hard,Round Robin,Rafael Nadal,Andrey Rublev
Masters Cup,2020-11-16,Masters Cup,Hard,Round Robin,Novak Djokovic,Diego Schwartzman
Masters Cup,2020-11-16,Masters Cup,Hard,Round Robin,Daniil Medvedev,Alexander Zverev
Masters Cup,2020-11-17,Masters Cup,Hard,Round Robin,Stefanos Tsitsipas,Andrey Rublev
Masters Cup,2020-11-18,Masters Cup,Hard,Round Robin,Alexander Zverev,Diego Schwartzman
Masters Cup,2020-11-18,Masters Cup,Hard,Round Robin,Daniil Medvedev,Novak Djokovic
Masters Cup,2020-11-19,Masters Cup,Hard,Round Robin,Rafael Nadal,Stefanos Tsitsipas
Masters Cup,2020-11-20,Masters Cup,Hard,Round Robin,Novak Djokovic,Alexander Zverev
Masters Cup,2020-11-20,Masters Cup,Hard,Round Robin,Daniil Medvedev,Diego Schwartzman
Masters Cup,2020-11-21,Masters Cup,Hard,Semifinals,Daniil Medvedev,Rafael Nadal
Qatar Exxon Mobil Open,2018-12-31,ATP250,Hard,1st Round,Roberto Bautista Agut,Matteo Berrettini
Qatar Exxon Mobil Open,2019-01-04,ATP250,Hard,Semifinals,Roberto Bautista Agut,Novak Djokovic
ASB Classic,2019-01-10,ATP250,Hard,Quarterfinals,Cameron Norrie,Taylor Fritz
Australian Open,2019-01-14,Grand Slam,Hard,1st Round,Stefanos Tsitsipas,Matteo Berrettini
Australian Open,2019-01-14,Grand Slam,Hard,1st Round,Taylor Fritz,Cameron Norrie
Australian Open,2019-01-18,Grand Slam,Hard,3rd Round,Roberto Bautista Agut,Karen Khachanov
Australian Open,2019-01-18,Grand Slam,Hard,3rd Round,Rafael Nadal,Alex de Minaur
Australian Open,2019-01-19,Grand Slam,Hard,3rd Round,Novak Djokovic,Denis Shapovalov
Australian Open,2019-01-20,Grand Slam,Hard,4th Round,Frances Tiafoe,Grigor Dimitrov
Australian Open,2019-01-20,Grand Slam,Hard,4th Round,Roberto Bautista Agut,Marin Cilic
Australian Open,2019-01-21,Grand Slam,Hard,4th Round,Novak Djokovic,Daniil Medvedev
Australian Open,2019-01-22,Grand Slam,Hard,Quarterfinals,Stefanos Tsitsipas,Roberto Bautista Agut
Australian Open,2019-01-22,Grand Slam,Hard,Quarterfinals,Rafael Nadal,Frances Tiafoe
Australian Open,2019-01-24,Grand Slam,Hard,Semifinals,Rafael Nadal,Stefanos Tsitsipas
Australian Open,2019-01-27,Grand Slam,Hard,The Final,Novak Djokovic,Rafael Nadal
Sofia Open,2019-02-06,ATP250,Hard,2nd Round,Matteo Berrettini,Karen Khachanov
Delray Beach Open,2019-02-19,ATP250,Hard,1st Round,Daniel Evans,Frances Tiafoe
Open 13,2019-02-20,ATP250,Hard,2nd Round,Stefanos Tsitsipas,Hubert Hurkacz
Open 13,2019-02-21,ATP250,Hard,2nd Round,Andrey Rublev,Matteo Berrettini
Abierto Mexicano,2019-02-27,ATP500,Hard,1st Round,Rafael Nadal,Alexander Zverev
Abierto Mexicano,2019-02-28,ATP500,Hard,2nd Round,Cameron Norrie,Diego Schwartzman
Abierto Mexicano,2019-02-28,ATP500,Hard,2nd Round,Nick Kyrgios,Rafael Nadal
Abierto Mexicano,2019-03-01,ATP500,Hard,Quarterfinals,Alexander Zverev,Alex de Minaur
Abierto Mexicano,2019-03-02,ATP500,Hard,Semifinals,Alexander Zverev,Cameron Norrie
Abierto Mexicano,2019-03-03,ATP500,Hard,The Final,Nick Kyrgios,Alexander Zverev
Dubai Tennis Championships,2019-02-28,ATP500,Hard,Quarterfinals,Stefanos Tsitsipas,Hubert Hurkacz
BNP Paribas Open,2019-03-07,Masters 1000,Hard,1st Round,Felix Auger-Aliassime,Cameron Norrie
BNP Paribas Open,2019-03-09,Masters 1000,Hard,2nd Round,Felix Auger-Aliassime,Stefanos Tsitsipas
BNP Paribas Open,2019-03-12,Masters 1000,Hard,3rd Round,Denis Shapovalov,Marin Cilic
BNP Paribas Open,2019-03-12,Masters 1000,Hard,3rd Round,Rafael Nadal,Diego Schwartzman
BNP Paribas Open,2019-03-12,Masters 1000,Hard,3rd Round,Karen Khachanov,Andrey Rublev
BNP Paribas Open,2019-03-13,Masters 1000,Hard,4th Round,Hubert Hurkacz,Denis Shapovalov
BNP Paribas Open,2019-03-15,Masters 1000,Hard,Quarterfinals,Rafael Nadal,Karen Khachanov
Sony Ericsson Open,2019-03-20,Masters 1000,Hard,1st Round,Hubert Hurkacz,Matteo Berrettini
Sony Ericsson Open,2019-03-21,Masters 1000,Hard,1st Round,Felix Auger-Aliassime,Casper Ruud
Sony Ericsson Open,2019-03-23,Masters 1000,Hard,2nd Round,Denis Shapovalov,Daniel Evans
Sony Ericsson Open,2019-03-23,Masters 1000,Hard,2nd Round,Andrey Rublev,Marin Cilic
Sony Ericsson Open,2019-03-23,Masters 1000,Hard,2nd Round,Frances Tiafoe,Miomir Kecmanovic
Sony Ericsson Open,2019-03-24,Masters 1000,Hard,3rd Round,Felix Auger-Aliassime,Hubert Hurkacz
Sony Ericsson Open,2019-03-25,Masters 1000,Hard,3rd Round,Denis Shapovalov,Andrey Rublev
Sony Ericsson Open,2019-03-26,Masters 1000,Hard,4th Round,Borna Coric,Nick Kyrgios
Sony Ericsson Open,2019-03-26,Masters 1000,Hard,4th Round,Roberto Bautista Agut,Novak Djokovic
Sony Ericsson Open,2019-03-27,Masters 1000,Hard,4th Round,Denis Shapovalov,Stefanos Tsitsipas
Sony Ericsson Open,2019-03-28,Masters 1000,Hard,Quarterfinals,Felix Auger-Aliassime,Borna Coric
Sony Ericsson Open,2019-03-28,Masters 1000,Hard,Quarterfinals,Denis Shapovalov,Frances Tiafoe
Monte Carlo Masters,2019-04-14,Masters 1000,Clay,1st Round,Borna Coric,Hubert Hurkacz
Monte Carlo Masters,2019-04-14,Masters 1000,Clay,1st Round,Grigor Dimitrov,Matteo Berrettini
Monte Carlo Masters,2019-04-17,Masters 1000,Clay,2nd Round,Taylor Fritz,Diego Schwartzman
Monte Carlo Masters,2019-04-17,Masters 1000,Clay,2nd Round,Alexander Zverev,Felix Auger-Aliassime
Monte Carlo Masters,2019-04-17,Masters 1000,Clay,2nd Round,Rafael Nadal,Roberto Bautista Agut
Monte Carlo Masters,2019-04-18,Masters 1000,Clay,3rd Round,Daniil Medvedev,Stefanos Tsitsipas
Monte Carlo Masters,2019-04-18,Masters 1000,Clay,3rd Round,Novak Djokovic,Taylor Fritz
Monte Carlo Masters,2019-04-18,Masters 1000,Clay,3rd Round,Rafael Nadal,Grigor Dimitrov
Monte Carlo Masters,2019-04-19,Masters 1000,Clay,Quarterfinals,Daniil Medvedev,Novak Djokovic
Millennium Estoril Open,2019-04-30,ATP250,Clay,1st Round,Alejandro Davidovich Fokina,Taylor Fritz
BMW Open,2019-05-05,ATP250,Clay,Semifinals,Matteo Berrettini,Roberto Bautista Agut
Mutua Madrid Open,2019-05-05,Masters 1000,Clay,1st Round,Felix Auger-Aliassime,Denis Shapovalov
Mutua Madrid Open,2019-05-06,Masters 1000,Clay,1st Round,Taylor Fritz,Grigor Dimitrov
Mutua Madrid Open,2019-05-07,Masters 1000,Clay,1st Round,Hubert Hurkacz,Alex de Minaur
Mutua Madrid Open,2019-05-07,Masters 1000,Clay,2nd Round,Novak Djokovic,Taylor Fritz
Mutua Madrid Open,2019-05-08,Masters 1000,Clay,2nd Round,Rafael Nadal,Felix Auger-Aliassime
Mutua Madrid Open,2019-05-09,Masters 1000,Clay,3rd Round,Alexander Zverev,Hubert Hurkacz
Mutua Madrid Open,2019-05-09,Masters 1000,Clay,3rd Round,Rafael Nadal,Frances Tiafoe
Mutua Madrid Open,2019-05-10,Masters 1000,Clay,Quarterfinals,Novak Djokovic,Marin Cilic
Mutua Madrid Open,2019-05-10,Masters 1000,Clay,Quarterfinals,Stefanos Tsitsipas,Alexander Zverev
Mutua Madrid Open,2019-05-11,Masters 1000,Clay,Semifinals,Stefanos Tsitsipas,Rafael Nadal
Mutua Madrid Open,2019-05-12,Masters 1000,Clay,The Final,Novak Djokovic,Stefanos Tsitsipas
Internazionali BNL d'Italia,2019-05-13,Masters 1000,Clay,1st Round,Borna Coric,Felix Auger-Aliassime
Internazionali BNL d'Italia,2019-05-13,Masters 1000,Clay,1st Round,Casper Ruud,Daniel Evans
Internazionali BNL d'Italia,2019-05-13,Masters 1000,Clay,1st Round,Denis Shapovalov,Pablo Carreno Busta
Internazionali BNL d'Italia,2019-05-14,Masters 1000,Clay,1st Round,Nick Kyrgios,Daniil Medvedev
Internazionali BNL d'Italia,2019-05-14,Masters 1000,Clay,2nd Round,Karen Khachanov,Roberto Bautista Agut
Internazionali BNL d'Italia,2019-05-14,Masters 1000,Clay,2nd Round,Matteo Berrettini,Alexander Zverev
Internazionali BNL d'Italia,2019-05-14,Masters 1000,Clay,2nd Round,Borna Coric,Cameron Norrie
Internazionali BNL d'Italia,2019-05-16,Masters 1000,Clay,2nd Round,Casper Ruud,Nick Kyrgios
Internazionali BNL d'Italia,2019-05-16,Masters 1000,Clay,2nd Round,Stefanos Tsitsipas,Jannik Sinner
Internazionali BNL d'Italia,2019-05-16,Masters 1000,Clay,2nd Round,Novak Djokovic,Denis Shapovalov
Internazionali BNL d'Italia,2019-05-16,Masters 1000,Clay,3rd Round,Diego Schwartzman,Matteo Berrettini
Internazionali BNL d'Italia,2019-05-18,Masters 1000,Clay,Semifinals,Rafael Nadal,Stefanos Tsitsipas
Internazionali BNL d'Italia,2019-05-18,Masters 1000,Clay,Semifinals,Novak Djokovic,Diego Schwartzman
Internazionali BNL d'Italia,2019-05-19,Masters 1000,Clay,The Final,Rafael Nadal,Novak Djokovic
Lyon Open,2019-05-23,ATP250,Clay,Quarterfinals,Taylor Fritz,Roberto Bautista Agut
French Open,2019-05-27,Grand Slam,Clay,1st Round,Novak Djokovic,Hubert Hurkacz
French Open,2019-05-29,Grand Slam,Clay,2nd Round,Casper Ruud,Matteo Berrettini
French Open,2019-05-29,Grand Slam,Clay,2nd Round,Grigor Dimitrov,Marin Cilic
French Open,2019-05-29,Grand Slam,Clay,2nd Round,Pablo Carreno Busta,Alex de Minaur
French Open,2019-05-30,Grand Slam,Clay,2nd Round,Roberto Bautista Agut,Taylor Fritz
French Open,2019-06-06,Grand Slam,Clay,Quarterfinals,Novak Djokovic,Alexander Zverev
Rosmalen Grass Court Championships,2019-06-12,ATP250,Grass,2nd Round,Borna Coric,Taylor Fritz
Mercedes Cup,2019-06-11,ATP250,Grass,1st Round,Matteo Berrettini,Nick Kyrgios
Mercedes Cup,2019-06-13,ATP250,Grass,2nd Round,Matteo Berrettini,Karen Khachanov
Mercedes Cup,2019-06-16,ATP250,Grass,The Final,Matteo Berrettini,Felix Auger-Aliassime
Halle Open,2019-06-17,ATP500,Grass,1st Round,Karen Khachanov,Miomir Kecmanovic
Halle Open,2019-06-18,ATP500,Grass,1st Round,Roberto Bautista Agut,Taylor Fritz
Halle Open,2019-06-21,ATP500,Grass,Quarterfinals,Matteo Berrettini,Karen Khachanov
Queen's Club Championships,2019-06-20,ATP500,Grass,1st Round,Felix Auger-Aliassime,Grigor Dimitrov
Queen's Club Championships,2019-06-20,ATP500,Grass,2nd Round,Diego Schwartzman,Marin Cilic
Queen's Club Championships,2019-06-20,ATP500,Grass,2nd Round,Felix Auger-Aliassime,Nick Kyrgios
Queen's Club Championships,2019-06-21,ATP500,Grass,Quarterfinals,Daniil Medvedev,Diego Schwartzman
Queen's Club Championships,2019-06-21,ATP500,Grass,Quarterfinals,Felix Auger-Aliassime,Stefanos Tsitsipas
Eastbourne International,2019-06-27,ATP250,Grass,Quarterfinals,Taylor Fritz,Hubert Hurkacz
Wimbledon,2019-07-04,Grand Slam,Grass,2nd Round,Rafael Nadal,Nick Kyrgios
Wimbledon,2019-07-05,Grand Slam,Grass,3rd Round,Roberto Bautista Agut,Karen Khachanov
Wimbledon,2019-07-05,Grand Slam,Grass,3rd Round,Novak Djokovic,Hubert Hurkacz
Wimbledon,2019-07-06,Grand Slam,Grass,3rd Round,Matteo Berrettini,Diego Schwartzman
Wimbledon,2019-07-12,Grand Slam,Grass,Semifinals,Novak Djokovic,Roberto Bautista Agut
BB&T Atlanta Open,2019-07-27,ATP250,Hard,Quarterfinals,Taylor Fritz,Miomir Kecmanovic
BB&T Atlanta Open,2019-07-28,ATP250,Hard,Semifinals,Taylor Fritz,Cameron Norrie
BB&T Atlanta Open,2019-07-28,ATP250,Hard,The Final,Alex de Minaur,Taylor Fritz
German Tennis Championships,2019-07-24,ATP500,Clay,2nd Round,Andrey Rublev,Casper Ruud
German Tennis Championships,2019-07-27,ATP500,Clay,Semifinals,Andrey Rublev,Pablo Carreno Busta
Generali Open,2019-07-30,ATP250,Clay,1st Round,Casper Ruud,Pablo Carreno Busta
Abierto Mexicano Mifel,2019-08-04,ATP250,Hard,The Final,Diego Schwartzman,Taylor Fritz
Citi Open,2019-08-01,ATP500,Hard,2nd Round,Stefanos Tsitsipas,Tommy Paul
Citi Open,2019-08-01,ATP500,Hard,3rd Round,Marin Cilic,Felix Auger-Aliassime
Citi Open,2019-08-01,ATP500,Hard,3rd Round,Daniil Medvedev,Frances Tiafoe
Citi Open,2019-08-02,ATP500,Hard,Quarterfinals,Daniil Medvedev,Marin Cilic
Citi Open,2019-08-04,ATP500,Hard,Semifinals,Nick Kyrgios,Stefanos Tsitsipas
Citi Open,2019-08-04,ATP500,Hard,The Final,Nick Kyrgios,Daniil Medvedev
Rogers Masters,2019-08-06,Masters 1000,Hard,1st Round,Daniel Evans,Alex de Minaur
Rogers Masters,2019-08-06,Masters 1000,Hard,1st Round,Hubert Hurkacz,Taylor Fritz
Rogers Masters,2019-08-07,Masters 1000,Hard,2nd Round,Alexander Zverev,Cameron Norrie
Rogers Masters,2019-08-07,Masters 1000,Hard,2nd Round,Rafael Nadal,Daniel Evans
Rogers Masters,2019-08-07,Masters 1000,Hard,2nd Round,Roberto Bautista Agut,Diego Schwartzman
Rogers Masters,2019-08-07,Masters 1000,Hard,2nd Round,Hubert Hurkacz,Stefanos Tsitsipas
Rogers Masters,2019-08-08,Masters 1000,Hard,3rd Round,Karen Khachanov,Felix Auger-Aliassime
Rogers Masters,2019-08-09,Masters 1000,Hard,Quarterfinals,Karen Khachanov,Alexander Zverev
Rogers Masters,2019-08-10,Masters 1000,Hard,Semifinals,Daniil Medvedev,Karen Khachanov
Rogers Masters,2019-08-11,Masters 1000,Hard,The Final,Rafael Nadal,Daniil Medvedev
Western & Southern Financial Group Masters,2019-08-12,Masters 1000,Hard,1st Round,Miomir Kecmanovic,Felix Auger-Aliassime
Western & Southern Financial Group Masters,2019-08-13,Masters 1000,Hard,1st Round,Roberto Bautista Agut,Hubert Hurkacz
Western & Southern Financial Group Masters,2019-08-14,Masters 1000,Hard,2nd Round,Miomir Kecmanovic,Alexander Zverev
Western & Southern Financial Group Masters,2019-08-15,Masters 1000,Hard,2nd Round,Roberto Bautista Agut,Frances Tiafoe
Western & Southern Financial Group Masters,2019-08-15,Masters 1000,Hard,2nd Round,Karen Khachanov,Nick Kyrgios
Western & Southern Financial Group Masters,2019-08-15,Masters 1000,Hard,3rd Round,Roberto Bautista Agut,Miomir Kecmanovic
Western & Southern Financial Group Masters,2019-08-16,Masters 1000,Hard,3rd Round,Novak Djokovic,Pablo Carreno Busta
Western & Southern Financial Group Masters,2019-08-17,Masters 1000,Hard,Quarterfinals,Daniil Medvedev,Andrey Rublev
Western & Southern Financial Group Masters,2019-08-17,Masters 1000,Hard,Semifinals,Daniil Medvedev,Novak Djokovic
Winston-Salem Open at Wake Forest University,2019-08-21,ATP250,Hard,3rd Round,Denis Shapovalov,Miomir Kecmanovic
Winston-Salem Open at Wake Forest University,2019-08-23,ATP250,Hard,Quarterfinals,Denis Shapovalov,Andrey Rublev
Winston-Salem Open at Wake Forest University,2019-08-23,ATP250,Hard,Quarterfinals,Hubert Hurkacz,Frances Tiafoe
Winston-Salem Open at Wake Forest University,2019-08-24,ATP250,Hard,Semifinals,Hubert Hurkacz,Denis Shapovalov
US Open,2019-08-27,Grand Slam,Hard,1st Round,Andrey Rublev,Stefanos Tsitsipas
US Open,2019-08-27,Grand Slam,Hard,1st Round,Denis Shapovalov,Felix Auger-Aliassime
US Open,2019-08-28,Grand Slam,Hard,2nd Round,Grigor Dimitrov,Borna Coric
US Open,2019-08-29,Grand Slam,Hard,2nd Round,Alexander Zverev,Frances Tiafoe
US Open,2019-09-01,Grand Slam,Hard,3rd Round,Andrey Rublev,Nick Kyrgios
US Open,2019-09-01,Grand Slam,Hard,4th Round,Grigor Dimitrov,Alex de Minaur
US Open,2019-09-02,Grand Slam,Hard,4th Round,Diego Schwartzman,Alexander Zverev
US Open,2019-09-02,Grand Slam,Hard,4th Round,Matteo Berrettini,Andrey Rublev
US Open,2019-09-03,Grand Slam,Hard,4th Round,Rafael Nadal,Marin Cilic
US Open,2019-09-05,Grand Slam,Hard,Quarterfinals,Rafael Nadal,Diego Schwartzman
US Open,2019-09-06,Grand Slam,Hard,Semifinals,Daniil Medvedev,Grigor Dimitrov
US Open,2019-09-07,Grand Slam,Hard,Semifinals,Rafael Nadal,Matteo Berrettini
US Open,2019-09-08,Grand Slam,Hard,The Final,Rafael Nadal,Daniil Medvedev
St. Petersburg Open,2019-09-20,ATP250,Hard,Quarterfinals,Borna Coric,Casper Ruud
St. Petersburg Open,2019-09-20,ATP250,Hard,Quarterfinals,Daniil Medvedev,Andrey Rublev
St. Petersburg Open,2019-09-22,ATP250,Hard,The Final,Daniil Medvedev,Borna Coric
Chengdu Open,2019-09-26,ATP250,Hard,2nd Round,Grigor Dimitrov,Daniel Evans
Chengdu Open,2019-09-28,ATP250,Hard,Semifinals,Pablo Carreno Busta,Denis Shapovalov
Zhuhai Open,2019-09-24,ATP250,Hard,1st Round,Miomir Kecmanovic,Casper Ruud
Zhuhai Open,2019-09-27,ATP250,Hard,Quarterfinals,Alex de Minaur,Borna Coric
Zhuhai Open,2019-09-28,ATP250,Hard,Semifinals,Alex de Minaur,Roberto Bautista Agut
China Open,2019-09-30,ATP500,Hard,1st Round,Andrey Rublev,Grigor Dimitrov
China Open,2019-09-30,ATP500,Hard,1st Round,Alexander Zverev,Frances Tiafoe
China Open,2019-10-03,ATP500,Hard,2nd Round,Alexander Zverev,Felix Auger-Aliassime
China Open,2019-10-05,ATP500,Hard,Semifinals,Stefanos Tsitsipas,Alexander Zverev
Rakuten Japan Open Tennis Championships,2019-10-01,ATP500,Hard,1st Round,Denis Shapovalov,Miomir Kecmanovic
Shanghai Masters,2019-10-07,Masters 1000,Hard,1st Round,Denis Shapovalov,Frances Tiafoe
Shanghai Masters,2019-10-08,Masters 1000,Hard,1st Round,Andrey Rublev,Borna Coric
Shanghai Masters,2019-10-08,Masters 1000,Hard,2nd Round,Daniil Medvedev,Cameron Norrie
Shanghai Masters,2019-10-09,Masters 1000,Hard,2nd Round,Stefanos Tsitsipas,Felix Auger-Aliassime
Shanghai Masters,2019-10-09,Masters 1000,Hard,2nd Round,Karen Khachanov,Taylor Fritz
Shanghai Masters,2019-10-09,Masters 1000,Hard,2nd Round,Novak Djokovic,Denis Shapovalov
Shanghai Masters,2019-10-10,Masters 1000,Hard,3rd Round,Matteo Berrettini,Roberto Bautista Agut
Shanghai Masters,2019-10-10,Masters 1000,Hard,3rd Round,Stefanos Tsitsipas,Hubert Hurkacz
Shanghai Masters,2019-10-10,Masters 1000,Hard,3rd Round,Alexander Zverev,Andrey Rublev
Shanghai Masters,2019-10-11,Masters 1000,Hard,Quarterfinals,Stefanos Tsitsipas,Novak Djokovic
Shanghai Masters,2019-10-12,Masters 1000,Hard,Semifinals,Daniil Medvedev,Stefanos Tsitsipas
Shanghai Masters,2019-10-12,Masters 1000,Hard,Semifinals,Alexander Zverev,Matteo Berrettini
Shanghai Masters,2019-10-13,Masters 1000,Hard,The Final,Daniil Medvedev,Alexander Zverev
European Open,2019-10-18,ATP250,Hard,Quarterfinals,Jannik Sinner,Frances Tiafoe
Kremlin Cup,2019-10-19,ATP250,Hard,Semifinals,Andrey Rublev,Marin Cilic
Swiss Indoors,2019-10-22,ATP500,Hard,1st Round,Taylor Fritz,Alexander Zverev
Swiss Indoors,2019-10-23,ATP500,Hard,1st Round,Frances Tiafoe,Daniel Evans
Swiss Indoors,2019-10-23,ATP500,Hard,2nd Round,Alex de Minaur,Taylor Fritz
Erste Bank Open,2019-10-21,ATP500,Hard,1st Round,Karen Khachanov,Hubert Hurkacz
Erste Bank Open,2019-10-23,ATP500,Hard,1st Round,Pablo Carreno Busta,Denis Shapovalov
Erste Bank Open,2019-10-23,ATP500,Hard,2nd Round,Matteo Berrettini,Grigor Dimitrov
Erste Bank Open,2019-10-25,ATP500,Hard,Quarterfinals,Matteo Berrettini,Andrey Rublev
Erste Bank Open,2019-10-25,ATP500,Hard,Quarterfinals,Diego Schwartzman,Karen Khachanov
BNP Paribas Masters,2019-10-28,Masters 1000,Hard,1st Round,Marin Cilic,Hubert Hurkacz
BNP Paribas Masters,2019-10-29,Masters 1000,Hard,1st Round,Taylor Fritz,Frances Tiafoe
BNP Paribas Masters,2019-10-30,Masters 1000,Hard,2nd Round,Stefanos Tsitsipas,Taylor Fritz
BNP Paribas Masters,2019-10-30,Masters 1000,Hard,2nd Round,Alex de Minaur,Roberto Bautista Agut
BNP Paribas Masters,2019-10-31,Masters 1000,Hard,3rd Round,Stefanos Tsitsipas,Alex de Minaur
BNP Paribas Masters,2019-10-31,Masters 1000,Hard,3rd Round,Denis Shapovalov,Alexander Zverev
BNP Paribas Masters,2019-11-01,Masters 1000,Hard,Quarterfinals,Novak Djokovic,Stefanos Tsitsipas
BNP Paribas Masters,2019-11-02,Masters 1000,Hard,Semifinals,Novak Djokovic,Grigor Dimitrov
BNP Paribas Masters,2019-11-02,Masters 1000,Hard,Semifinals,Denis Shapovalov,Rafael Nadal
BNP Paribas Masters,2019-11-03,Masters 1000,Hard,The Final,Novak Djokovic,Denis Shapovalov
Masters Cup,2019-11-10,Masters Cup,Hard,Round Robin,Novak Djokovic,Matteo Berrettini
Masters Cup,2019-11-11,Masters Cup,Hard,Round Robin,Stefanos Tsitsipas,Daniil Medvedev
Masters Cup,2019-11-11,Masters Cup,Hard,Round Robin,Alexander Zverev,Rafael Nadal
Masters Cup,2019-11-13,Masters Cup,Hard,Round Robin,Rafael Nadal,Daniil Medvedev
Masters Cup,2019-11-13,Masters Cup,Hard,Round Robin,Stefanos Tsitsipas,Alexander Zverev
Masters Cup,2019-11-15,Masters Cup,Hard,Round Robin,Rafael Nadal,Stefanos Tsitsipas
Masters Cup,2019-11-15,Masters Cup,Hard,Round Robin,Alexander Zverev,Daniil Medvedev
Brisbane International,2018-01-06,ATP250,Hard,Semifinals,Nick Kyrgios,Grigor Dimitrov
Qatar Exxon Mobil Open,2018-01-02,ATP250,Hard,1st Round,Borna Coric,Pablo Carreno Busta
Qatar Exxon Mobil Open,2018-01-04,ATP250,Hard,Quarterfinals,Andrey Rublev,Borna Coric
Sydney International,2018-01-13,ATP250,Hard,The Final,Daniil Medvedev,Alex de Minaur
Australian Open,2018-01-15,Grand Slam,Hard,1st Round,Denis Shapovalov,Stefanos Tsitsipas
Australian Open,2018-01-17,Grand Slam,Hard,2nd Round,Diego Schwartzman,Casper Ruud
Australian Open,2018-01-19,Grand Slam,Hard,3rd Round,Grigor Dimitrov,Andrey Rublev
Australian Open,2018-01-21,Grand Slam,Hard,4th Round,Marin Cilic,Pablo Carreno Busta
Australian Open,2018-01-21,Grand Slam,Hard,4th Round,Rafael Nadal,Diego Schwartzman
Australian Open,2018-01-21,Grand Slam,Hard,4th Round,Grigor Dimitrov,Nick Kyrgios
Australian Open,2018-01-23,Grand Slam,Hard,Quarterfinals,Marin Cilic,Rafael Nadal
ABN AMRO World Tennis Tournament,2018-02-16,ATP500,Hard,Quarterfinals,Grigor Dimitrov,Andrey Rublev
Delray Beach Open,2018-02-23,ATP250,Hard,Quarterfinals,Denis Shapovalov,Taylor Fritz
Delray Beach Open,2018-02-25,ATP250,Hard,Semifinals,Frances Tiafoe,Denis Shapovalov
Open 13,2018-02-22,ATP250,Hard,2nd Round,Karen Khachanov,Alexander Zverev
Rio Open,2018-02-20,ATP500,Clay,1st Round,Diego Schwartzman,Casper Ruud
Dubai Tennis Championships,2018-03-01,ATP500,Hard,Quarterfinals,Roberto Bautista Agut,Borna Coric
BNP Paribas Open,2018-03-10,Masters 1000,Hard,2nd Round,Taylor Fritz,Andrey Rublev
BNP Paribas Open,2018-03-10,Masters 1000,Hard,2nd Round,Daniil Medvedev,Matteo Berrettini
BNP Paribas Open,2018-03-12,Masters 1000,Hard,3rd Round,Pablo Carreno Busta,Daniil Medvedev
BNP Paribas Open,2018-03-12,Masters 1000,Hard,3rd Round,Borna Coric,Roberto Bautista Agut
BNP Paribas Open,2018-03-14,Masters 1000,Hard,4th Round,Borna Coric,Taylor Fritz
Sony Ericsson Open,2018-03-22,Masters 1000,Hard,1st Round,Daniil Medvedev,Stefanos Tsitsipas
Sony Ericsson Open,2018-03-24,Masters 1000,Hard,2nd Round,Alexander Zverev,Daniil Medvedev
Sony Ericsson Open,2018-03-27,Masters 1000,Hard,4th Round,Borna Coric,Denis Shapovalov
Sony Ericsson Open,2018-03-28,Masters 1000,Hard,4th Round,Alexander Zverev,Nick Kyrgios
Sony Ericsson Open,2018-03-30,Masters 1000,Hard,Quarterfinals,Alexander Zverev,Borna Coric
Sony Ericsson Open,2018-03-31,Masters 1000,Hard,Semifinals,Alexander Zverev,Pablo Carreno Busta
Monte Carlo Masters,2018-04-15,Masters 1000,Clay,1st Round,Alexander Zverev,Felix Auger-Aliassime
Monte Carlo Masters,2018-04-16,Masters 1000,Clay,1st Round,Stefanos Tsitsipas,Denis Shapovalov
Monte Carlo Masters,2018-04-18,Masters 1000,Clay,2nd Round,Novak Djokovic,Borna Coric
Monte Carlo Masters,2018-04-19,Masters 1000,Clay,3rd Round,Rafael Nadal,Karen Khachanov
Monte Carlo Masters,2018-04-21,Masters 1000,Clay,Semifinals,Rafael Nadal,Grigor Dimitrov
Open Banco Sabadell ,2018-04-25,ATP500,Clay,2nd Round,Stefanos Tsitsipas,Diego Schwartzman
Open Banco Sabadell ,2018-04-27,ATP500,Clay,Quarterfinals,Pablo Carreno Busta,Grigor Dimitrov
Open Banco Sabadell ,2018-04-28,ATP500,Clay,Semifinals,Stefanos Tsitsipas,Pablo Carreno Busta
Open Banco Sabadell ,2018-04-29,ATP500,Clay,The Final,Rafael Nadal,Stefanos Tsitsipas
Millennium Estoril Open,2018-05-05,ATP250,Clay,Semifinals,Frances Tiafoe,Pablo Carreno Busta
BMW Open,2018-05-03,ATP250,Clay,2nd Round,Roberto Bautista Agut,Casper Ruud
Mutua Madrid Open,2018-05-08,Masters 1000,Clay,1st Round,Borna Coric,Pablo Carreno Busta
Mutua Madrid Open,2018-05-10,Masters 1000,Clay,3rd Round,Rafael Nadal,Diego Schwartzman
Mutua Madrid Open,2018-05-12,Masters 1000,Clay,Semifinals,Alexander Zverev,Denis Shapovalov
Internazionali BNL d'Italia,2018-05-14,Masters 1000,Clay,1st Round,Matteo Berrettini,Frances Tiafoe
Internazionali BNL d'Italia,2018-05-15,Masters 1000,Clay,1st Round,Stefanos Tsitsipas,Borna Coric
Internazionali BNL d'Italia,2018-05-16,Masters 1000,Clay,2nd Round,Alexander Zverev,Matteo Berrettini
Internazionali BNL d'Italia,2018-05-17,Masters 1000,Clay,3rd Round,Rafael Nadal,Denis Shapovalov
Internazionali BNL d'Italia,2018-05-18,Masters 1000,Clay,Quarterfinals,Marin Cilic,Pablo Carreno Busta
Internazionali BNL d'Italia,2018-05-19,Masters 1000,Clay,Semifinals,Rafael Nadal,Novak Djokovic
Internazionali BNL d'Italia,2018-05-19,Masters 1000,Clay,Semifinals,Alexander Zverev,Marin Cilic
Internazionali BNL d'Italia,2018-05-20,Masters 1000,Clay,The Final,Rafael Nadal,Alexander Zverev
French Open,2018-05-31,Grand Slam,Clay,2nd Round,Marin Cilic,Hubert Hurkacz
French Open,2018-06-01,Grand Slam,Clay,3rd Round,Novak Djokovic,Roberto Bautista Agut
French Open,2018-06-02,Grand Slam,Clay,3rd Round,Diego Schwartzman,Borna Coric
French Open,2018-06-03,Grand Slam,Clay,4th Round,Alexander Zverev,Karen Khachanov
French Open,2018-06-07,Grand Slam,Clay,Quarterfinals,Rafael Nadal,Diego Schwartzman
Gerry Weber Open,2018-06-19,ATP500,Grass,1st Round,Karen Khachanov,Alexander Zverev
Gerry Weber Open,2018-06-19,ATP500,Grass,1st Round,Borna Coric,Alexander Zverev
Gerry Weber Open,2018-06-22,ATP500,Grass,Quarterfinals,Roberto Bautista Agut,Karen Khachanov
Gerry Weber Open,2018-06-23,ATP500,Grass,Semifinals,Borna Coric,Roberto Bautista Agut
AEGON Championships,2018-06-21,ATP500,Grass,2nd Round,Novak Djokovic,Grigor Dimitrov
AEGON Championships,2018-06-23,ATP500,Grass,Semifinals,Marin Cilic,Nick Kyrgios
AEGON Championships,2018-06-24,ATP500,Grass,The Final,Marin Cilic,Novak Djokovic
Eastbourne International,2018-06-28,ATP250,Grass,Quarterfinals,Alexander Zverev,Denis Shapovalov
Wimbledon,2018-07-02,Grand Slam,Grass,1st Round,Daniil Medvedev,Borna Coric
Wimbledon,2018-07-06,Grand Slam,Grass,2nd Round,Alexander Zverev,Taylor Fritz
Wimbledon,2018-07-07,Grand Slam,Grass,3rd Round,Rafael Nadal,Alex de Minaur
Wimbledon,2018-07-07,Grand Slam,Grass,3rd Round,Karen Khachanov,Frances Tiafoe
Wimbledon,2018-07-09,Grand Slam,Grass,4th Round,Novak Djokovic,Karen Khachanov
Wimbledon,2018-07-14,Grand Slam,Grass,Semifinals,Novak Djokovic,Rafael Nadal
Croatia Open,2018-07-19,ATP250,Clay,2nd Round,Andrey Rublev,Felix Auger-Aliassime
BB&T Atlanta Open,2018-07-23,ATP250,Hard,1st Round,Alex de Minaur,Hubert Hurkacz
BB&T Atlanta Open,2018-07-28,ATP250,Hard,Quarterfinals,Cameron Norrie,Nick Kyrgios
Suisse Open Gstaad,2018-07-25,ATP250,Clay,2nd Round,Matteo Berrettini,Andrey Rublev
Suisse Open Gstaad,2018-07-29,ATP250,Clay,The Final,Matteo Berrettini,Roberto Bautista Agut
German Tennis Championships,2018-07-23,ATP500,Clay,1st Round,Diego Schwartzman,Casper Ruud
Citi Open,2018-08-01,ATP500,Hard,2nd Round,Frances Tiafoe,Hubert Hurkacz
Citi Open,2018-08-01,ATP500,Hard,2nd Round,Denis Shapovalov,Daniil Medvedev
Citi Open,2018-08-02,ATP500,Hard,2nd Round,Andrey Rublev,Tommy Paul
Citi Open,2018-08-03,ATP500,Hard,3rd Round,Alexander Zverev,Alexander Zverev
Citi Open,2018-08-04,ATP500,Hard,Semifinals,Alexander Zverev,Stefanos Tsitsipas
Citi Open,2018-08-05,ATP500,Hard,Semifinals,Alex de Minaur,Andrey Rublev
Citi Open,2018-08-05,ATP500,Hard,The Final,Alexander Zverev,Alex de Minaur
Rogers Masters,2018-08-08,Masters 1000,Hard,2nd Round,Marin Cilic,Borna Coric
Rogers Masters,2018-08-08,Masters 1000,Hard,2nd Round,Karen Khachanov,Pablo Carreno Busta
Rogers Masters,2018-08-09,Masters 1000,Hard,2nd Round,Daniil Medvedev,Felix Auger-Aliassime
Rogers Masters,2018-08-09,Masters 1000,Hard,3rd Round,Grigor Dimitrov,Frances Tiafoe
Rogers Masters,2018-08-09,Masters 1000,Hard,3rd Round,Stefanos Tsitsipas,Novak Djokovic
Rogers Masters,2018-08-09,Masters 1000,Hard,3rd Round,Marin Cilic,Diego Schwartzman
Rogers Masters,2018-08-09,Masters 1000,Hard,3rd Round,Alexander Zverev,Daniil Medvedev
Rogers Masters,2018-08-10,Masters 1000,Hard,Quarterfinals,Stefanos Tsitsipas,Alexander Zverev
Rogers Masters,2018-08-11,Masters 1000,Hard,Quarterfinals,Rafael Nadal,Marin Cilic
Rogers Masters,2018-08-12,Masters 1000,Hard,Semifinals,Rafael Nadal,Karen Khachanov
Rogers Masters,2018-08-12,Masters 1000,Hard,The Final,Rafael Nadal,Stefanos Tsitsipas
Western & Southern Financial Group Masters,2018-08-13,Masters 1000,Hard,1st Round,Denis Shapovalov,Frances Tiafoe
Western & Southern Financial Group Masters,2018-08-14,Masters 1000,Hard,1st Round,Borna Coric,Daniil Medvedev
Western & Southern Financial Group Masters,2018-08-15,Masters 1000,Hard,2nd Round,Grigor Dimitrov,Alexander Zverev
Western & Southern Financial Group Masters,2018-08-16,Masters 1000,Hard,2nd Round,Nick Kyrgios,Borna Coric
Western & Southern Financial Group Masters,2018-08-17,Masters 1000,Hard,3rd Round,Novak Djokovic,Grigor Dimitrov
Western & Southern Financial Group Masters,2018-08-17,Masters 1000,Hard,3rd Round,Marin Cilic,Karen Khachanov
Western & Southern Financial Group Masters,2018-08-17,Masters 1000,Hard,Quarterfinals,Marin Cilic,Pablo Carreno Busta
Western & Southern Financial Group Masters,2018-08-18,Masters 1000,Hard,Semifinals,Novak Djokovic,Marin Cilic
Winston-Salem Open at Wake Forest University,2018-08-21,ATP250,Hard,2nd Round,Daniil Medvedev,Alex de Minaur
US Open,2018-08-27,Grand Slam,Hard,1st Round,Taylor Fritz,Alexander Zverev
US Open,2018-08-27,Grand Slam,Hard,1st Round,Denis Shapovalov,Felix Auger-Aliassime
US Open,2018-08-29,Grand Slam,Hard,2nd Round,Daniil Medvedev,Stefanos Tsitsipas
US Open,2018-08-30,Grand Slam,Hard,2nd Round,Alex de Minaur,Frances Tiafoe
US Open,2018-08-31,Grand Slam,Hard,2nd Round,Marin Cilic,Hubert Hurkacz
US Open,2018-08-31,Grand Slam,Hard,3rd Round,Rafael Nadal,Karen Khachanov
US Open,2018-09-01,Grand Slam,Hard,3rd Round,Borna Coric,Daniil Medvedev
US Open,2018-09-02,Grand Slam,Hard,3rd Round,Marin Cilic,Alex de Minaur
St. Petersburg Open,2018-09-20,ATP250,Hard,2nd Round,Denis Shapovalov,Matteo Berrettini
Shenzhen Open,2018-09-26,ATP250,Hard,2nd Round,Cameron Norrie,Borna Coric
China Open,2018-10-02,ATP500,Hard,1st Round,Alexander Zverev,Roberto Bautista Agut
Rakuten Japan Open Tennis Championships,2018-10-01,ATP500,Hard,1st Round,Daniil Medvedev,Diego Schwartzman
Rakuten Japan Open Tennis Championships,2018-10-04,ATP500,Hard,2nd Round,Stefanos Tsitsipas,Alex de Minaur
Rakuten Japan Open Tennis Championships,2018-10-06,ATP500,Hard,Semifinals,Daniil Medvedev,Denis Shapovalov
Shanghai Masters,2018-10-08,Masters 1000,Hard,1st Round,Roberto Bautista Agut,Andrey Rublev
Shanghai Masters,2018-10-10,Masters 1000,Hard,2nd Round,Stefanos Tsitsipas,Karen Khachanov
Shanghai Masters,2018-10-11,Masters 1000,Hard,3rd Round,Alexander Zverev,Alex de Minaur
Shanghai Masters,2018-10-13,Masters 1000,Hard,Semifinals,Novak Djokovic,Alexander Zverev
Shanghai Masters,2018-10-14,Masters 1000,Hard,The Final,Novak Djokovic,Borna Coric
European Open,2018-10-18,ATP250,Hard,2nd Round,Diego Schwartzman,Cameron Norrie
Kremlin Cup,2018-10-16,ATP250,Hard,1st Round,Nick Kyrgios,Andrey Rublev
Kremlin Cup,2018-10-20,ATP250,Hard,Semifinals,Karen Khachanov,Daniil Medvedev
Swiss Indoors,2018-10-22,ATP500,Hard,1st Round,Marin Cilic,Denis Shapovalov
Swiss Indoors,2018-10-26,ATP500,Hard,Quarterfinals,Alexander Zverev,Roberto Bautista Agut
Swiss Indoors,2018-10-26,ATP500,Hard,Quarterfinals,Daniil Medvedev,Stefanos Tsitsipas
BNP Paribas Masters,2018-10-30,Masters 1000,Hard,1st Round,Daniil Medvedev,Pablo Carreno Busta
BNP Paribas Masters,2018-10-31,Masters 1000,Hard,2nd Round,Alexander Zverev,Frances Tiafoe
BNP Paribas Masters,2018-10-31,Masters 1000,Hard,2nd Round,Grigor Dimitrov,Roberto Bautista Agut
BNP Paribas Masters,2018-10-31,Masters 1000,Hard,2nd Round,Borna Coric,Daniil Medvedev
BNP Paribas Masters,2018-11-01,Masters 1000,Hard,3rd Round,Marin Cilic,Grigor Dimitrov
BNP Paribas Masters,2018-11-01,Masters 1000,Hard,3rd Round,Alexander Zverev,Diego Schwartzman
BNP Paribas Masters,2018-11-02,Masters 1000,Hard,Quarterfinals,Karen Khachanov,Alexander Zverev
BNP Paribas Masters,2018-11-02,Masters 1000,Hard,Quarterfinals,Novak Djokovic,Marin Cilic
BNP Paribas Masters,2018-11-04,Masters 1000,Hard,The Final,Karen Khachanov,Novak Djokovic
Masters Cup,2018-11-12,Masters Cup,Hard,Round Robin,Alexander Zverev,Marin Cilic
Masters Cup,2018-11-14,Masters Cup,Hard,Round Robin,Novak Djokovic,Alexander Zverev
Masters Cup,2018-11-16,Masters Cup,Hard,Round Robin,Novak Djokovic,Marin Cilic
Masters Cup,2018-11-18,Masters Cup,Hard,The Final,Alexander Zverev,Novak Djokovic
